trajectory_id,website,goal,final_success,num_steps,go_back_count,categories
vwa_gpt4v_som:classifieds:121,classifieds,Navigate to the item on this page whose image consists solely of text.,False,3,0,"[""recovery_candidate"", ""multi_path""]"
vwa_gpt4v_som:classifieds:160,classifieds,"Add a comment on the item on this page whose image is taken inside a garage with the title ""More Pictures"" and text ""Could you post different angles?"".",True,22,0,"[""recovery_candidate""]"
vwa_gpt4v_som:classifieds:10,classifieds,What is the seat height in inches of the smaller piece of furniture on this page?,False,1,0,"[""recovery_candidate""]"
vwa_gpt4v_som:classifieds:101,classifieds,"Explore the ""Art + crafts"" category, and find the most expensive painting of the city in this image.",False,1,0,"[""recovery_candidate"", ""multi_path""]"
vwa_gpt4v_som:classifieds:116,classifieds,"Search for ""brace"" and navigate to the cheapest item that matches the body part in this image.",False,9,0,"[""recovery_candidate"", ""multi_path""]"
vwa_gpt4v_som:classifieds:93,classifieds,Find the electronics item on the page which is compatible with this image.,False,1,0,"[""recovery_candidate"", ""multi_path""]"
vwa_gpt4v_som:classifieds:50,classifieds,What is the email of the seller of the red palette on this page?,True,1,0,"[""recovery_candidate""]"
vwa_gpt4v_som:classifieds:177,classifieds,"Navigate to the cheapest listing in the ""Cars + trucks"" category from Ohio or Maryland that is the same color as the objects in this image.",False,13,0,"[""recovery_candidate"", ""multi_path""]"
vwa_gpt4v_som:classifieds:120,classifieds,What is written on the down tube of the bike with the purple frame on this page?,False,3,0,"[""recovery_candidate""]"
vwa_gpt4v_som:classifieds:16,classifieds,What is the email of the seller of the item with the coffee mug in the picture on this page?,True,1,0,"[""recovery_candidate""]"
vwa_gpt4v_som:classifieds:193,classifieds,Navigate to the item on this page with CDs in the image.,False,1,0,"[""recovery_candidate"", ""multi_path""]"
vwa_gpt4v_som:classifieds:146,classifieds,Navigate to the item on this page whose image has exactly 4 books.,False,3,0,"[""recovery_candidate"", ""multi_path""]"
vwa_gpt4v_som:classifieds:9,classifieds,"Help me make a post selling this item and navigate to it. Price it at $10 cheaper than the most similar item on the site between $750-800 (of the same color). If there are multiple similar items, use the most recent posting.",False,14,0,"[""high_distraction"", ""recovery_candidate""]"
vwa_gpt4v_som:classifieds:94,classifieds,Find the animal on this page that has someone riding it in the image.,False,1,0,"[""recovery_candidate""]"
vwa_gpt4v_som:classifieds:170,classifieds,"Navigate to the most expensive item in the ""Cell phones"" category which includes in its design the character in this image.",False,13,0,"[""recovery_candidate"", ""multi_path""]"
vwa_gpt4v_som:classifieds:166,classifieds,Navigate to the listing on this page whose image includes an instrument the same color as the item in the image provided.,False,1,0,"[""recovery_candidate"", ""multi_path""]"
vwa_gpt4v_som:classifieds:222,classifieds,"Based on the measuring tape in the image, is the stated diameter of this item correct?",False,1,0,"[""recovery_candidate""]"
vwa_gpt4v_som:classifieds:130,classifieds,Navigate to the item on this page whose image is taken during a sunset.,False,4,0,"[""recovery_candidate"", ""multi_path""]"
vwa_gpt4v_som:classifieds:151,classifieds,Navigate to the item on this page whose image has pink sticky notes.,False,3,1,"[""recovery_candidate"", ""multi_path""]"
vwa_gpt4v_som:classifieds:8,classifieds,"Help me make a post selling this item and navigate to it. Price it at $10 cheaper than the most similar item on the site between $250-300 (of the same color). If there are multiple similar items, use the most recent posting.",False,7,1,"[""high_distraction"", ""recovery_candidate""]"
vwa_gpt4v_som:classifieds:147,classifieds,Navigate to the item on this page whose image has multiple game consoles from different brands.,False,1,0,"[""recovery_candidate"", ""multi_path""]"
vwa_gpt4v_som:classifieds:203,classifieds,"Help me leave a comment with the title ""Interested"" with the text ""I want to buy this item"", if the item comes with a cable that is able to connect to my USB-C ports, else leave a comment with the same title but with the text ""Do you have a USB-C cable?"".",True,24,1,"[""recovery_candidate""]"
vwa_gpt4v_som:classifieds:152,classifieds,Navigate to the item on this page whose image includes a human hand.,False,2,0,"[""recovery_candidate"", ""multi_path""]"
vwa_gpt4v_som:classifieds:191,classifieds,Navigate to the item on this page with a blonde horse.,True,10,2,"[""recovery_candidate"", ""multi_path""]"
vwa_gpt4v_som:classifieds:164,classifieds,Navigate to the listing on this page whose image includes a car the same color as the item in the image provided.,True,2,0,"[""recovery_candidate"", ""multi_path""]"
vwa_gpt4v_som:classifieds:124,classifieds,Navigate to the item on this page whose image is set on grass.,False,1,0,"[""recovery_candidate"", ""multi_path""]"
vwa_gpt4v_som:classifieds:165,classifieds,Navigate to the listing on this page whose image includes a car the same color as the item in the image provided.,False,2,0,"[""recovery_candidate"", ""multi_path""]"
vwa_gpt4v_som:classifieds:132,classifieds,Navigate to the item on this page whose image has 3 black animals.,False,1,0,"[""recovery_candidate"", ""multi_path""]"
vwa_gpt4v_som:classifieds:15,classifieds,What is the email of the seller of the guitar in the red case on this page?,True,1,0,"[""recovery_candidate""]"
vwa_gpt4v_som:classifieds:190,classifieds,Navigate to the cheapest video game item on this page with the character on the shirt from the image in its listing image.,False,5,0,"[""recovery_candidate"", ""multi_path""]"
vwa_gpt4v_som:classifieds:78,classifieds,Find me an item on this page that references the city in the image.,False,1,0,"[""recovery_candidate"", ""multi_path""]"
vwa_gpt4v_som:classifieds:153,classifieds,Navigate to the item on this page that most similarly depicts the setting in the image.,False,6,0,"[""recovery_candidate"", ""multi_path""]"
vwa_gpt4v_som:classifieds:119,classifieds,What is the denomination of the dollar bill shown in that image on this page?,False,3,0,"[""recovery_candidate""]"
vwa_gpt4v_som:classifieds:24,classifieds,How many miles does the black truck on this page have?,False,1,0,"[""recovery_candidate""]"
vwa_gpt4v_som:classifieds:135,classifieds,Navigate to the listing on this page with an item of the exact same color as the one in this image.,False,1,0,"[""recovery_candidate"", ""multi_path""]"
vwa_gpt4v_som:classifieds:123,classifieds,Navigate to the item on this page which matches the color of the object being used by the person in the given image.,False,5,0,"[""recovery_candidate"", ""multi_path""]"
vwa_gpt4v_som:classifieds:103,classifieds,"Explore the ""Arts + crafts"" category, and find the most recently listed item portraying the person in this image.",False,6,0,"[""recovery_candidate"", ""multi_path""]"
vwa_gpt4v_som:classifieds:115,classifieds,"Search for ""brace"" and navigate to the most recently listed item that matches the body part in this image.",False,5,0,"[""recovery_candidate"", ""multi_path""]"
vwa_gpt4v_som:classifieds:90,classifieds,Find the car on this page that has the most discoloring.,False,1,0,"[""recovery_candidate""]"
vwa_gpt4v_som:classifieds:142,classifieds,"I recall seeing this exact item for under $20 on the site, tell me the state where this listing is located.",True,1,0,"[""recovery_candidate""]"
vwa_gpt4v_som:classifieds:87,classifieds,Find the most similar item on this page as shown in this image.,False,1,0,"[""recovery_candidate"", ""multi_path""]"
vwa_gpt4v_som:classifieds:163,classifieds,"For the item on this page with the Amazon webpage in its image, tell me the price in dollars displayed on the Amazon site.",False,2,0,"[""recovery_candidate"", ""multi_path""]"
vwa_gpt4v_som:classifieds:134,classifieds,Navigate to the listing on this page whose image includes a jersey which is the same color as the item in this image.,False,18,3,"[""recovery_candidate"", ""multi_path""]"
vwa_gpt4v_som:reddit:121,reddit,I'm doing some research about the post with this image. Navigate to the recipe posted by the OP in the comments.,False,11,3,"[""recovery_candidate"", ""multi_path""]"
vwa_gpt4v_som:reddit:3,reddit,"I'm trying to do some research about the post with this image. Tell me how many comments mention the word ""spicy"".",False,11,0,"[""recovery_candidate""]"
vwa_gpt4v_som:reddit:88,reddit,Upvote all the posts that do not contain headphones on this page.,False,4,0,"[""recovery_candidate""]"
vwa_gpt4v_som:reddit:204,reddit,Can you take me to the comments section of the last post on this page that has a picture of a person?,False,1,0,"[""recovery_candidate""]"
vwa_gpt4v_som:reddit:10,reddit,I'm doing some research about the post with this image. Navigate to the comment url of the recipe posted by the OP in the comments.,False,30,13,"[""recovery_candidate"", ""multi_path""]"
vwa_gpt4v_som:reddit:183,reddit,"Can you make a post in f/food, title it '[I ate] this', add the full sized version of the image with the pop tart on this page of OneStopMarket, and navigate to it?",False,3,0,"[""recovery_candidate"", ""multi_path""]"
vwa_gpt4v_som:reddit:140,reddit,"I would like to know the author of this image, from one of the top posts in /f/pics. Can you help me send them a dm with ""Hello""?",False,29,2,"[""recovery_candidate""]"
vwa_gpt4v_som:reddit:141,reddit,Leave a comment in this post with the release date of the movie in the image in mm-dd-yyyy format.,False,3,0,"[""recovery_candidate""]"
vwa_gpt4v_som:reddit:11,reddit,Can you help me find and navigate to the comments section of the post with this image?,False,8,0,"[""recovery_candidate"", ""multi_path""]"
vwa_gpt4v_som:reddit:27,reddit,"Make a Reddit post with this image (https://images.pexels.com/photos/14267038/pexels-photo-14267038.jpeg?auto=compress&cs=tinysrgb&w=1260&h=750&dpr=2) in the most relevant subreddit, and navigate to its comments section.",False,6,0,"[""recovery_candidate"", ""multi_path""]"
vwa_gpt4v_som:reddit:2,reddit,I'm trying to find this post. Navigate to the comment section for it.,False,2,0,"[""recovery_candidate"", ""multi_path""]"
vwa_gpt4v_som:reddit:161,reddit,Take me to the post for the joke on this page that is most likely to take place in the following image?,True,4,0,"[""recovery_candidate""]"
vwa_gpt4v_som:reddit:202,reddit,"Can you message the users who posted art with an animal (including stuffed animals) on this page with 'Animals are so cute, and I really like your work!'?",False,7,0,"[""recovery_candidate""]"
vwa_gpt4v_som:reddit:16,reddit,What month and year (in mm-yyyy format) was this image posted in the /f/pics subreddit?,False,2,0,"[""recovery_candidate""]"
vwa_gpt4v_som:reddit:146,reddit,Leave a comment in this post with the text as the trading loss of the OP in dollars.,True,11,0,"[""recovery_candidate""]"
vwa_gpt4v_som:reddit:150,reddit,Leave a comment in this post with the text as the number of adults in the image.,True,12,0,"[""recovery_candidate""]"
vwa_gpt4v_som:reddit:82,reddit,Upvote all the posts that have a picture which contains Mario on this page.,False,6,0,"[""recovery_candidate""]"
vwa_gpt4v_som:reddit:127,reddit,Can you navigate me to the most commented post by the author of this image? I think it is in the /f/memes forum.,False,30,0,"[""recovery_candidate""]"
vwa_gpt4v_som:reddit:5,reddit,I'm trying to do some research about the post with this image. Tell me how many comments this post has.,False,1,0,"[""recovery_candidate""]"
vwa_gpt4v_som:reddit:20,reddit,Find and upvote this post. I think it was posted in /f/space.,False,3,0,"[""recovery_candidate"", ""multi_path""]"
vwa_gpt4v_som:reddit:21,reddit,Find and upvote this post. I think it was posted in /f/OldSchoolCool.,False,8,0,"[""recovery_candidate"", ""multi_path""]"
vwa_gpt4v_som:reddit:4,reddit,"I'm trying to do some research about the post with this image. Tell me how many comments mention the word ""wheat"".",False,1,0,"[""recovery_candidate""]"
vwa_gpt4v_som:reddit:126,reddit,Can you navigate me to the most commented post by the author of this image? I think it is in the /f/memes forum.,False,30,0,"[""recovery_candidate""]"
vwa_gpt4v_som:reddit:83,reddit,Upvote all the posts that have a picture which contains a human or human-like face on this page.,False,7,0,"[""recovery_candidate""]"
vwa_gpt4v_som:reddit:151,reddit,Leave a comment in this post with the text as the number of adults in the image.,False,3,0,"[""recovery_candidate""]"
vwa_gpt4v_som:reddit:8,reddit,I'm doing some research about the post with this image. Navigate to the comment url of the recipe posted by the OP in the comments.,False,30,2,"[""recovery_candidate"", ""multi_path""]"
vwa_gpt4v_som:reddit:147,reddit,Leave a comment in this post with the text as the number of buns in the image.,False,11,0,"[""recovery_candidate""]"
vwa_gpt4v_som:reddit:203,reddit,Can you message the users who posted pictures related to Nintendo games on this page with 'Mama mia!!'?,False,3,0,"[""recovery_candidate""]"
vwa_gpt4v_som:reddit:17,reddit,Navigate to a subreddit where I can find the most similar content to this image.,True,6,0,"[""recovery_candidate"", ""multi_path""]"
vwa_gpt4v_som:reddit:152,reddit,Leave a comment in this post with the text as the number of adults in the image.,False,3,0,"[""recovery_candidate""]"
vwa_gpt4v_som:reddit:144,reddit,Leave a comment in this post with the text as the trading loss of the OP in dollars.,False,14,0,"[""recovery_candidate""]"
vwa_gpt4v_som:reddit:168,reddit,Can you repost the image on this page that would fit best in f/EarthPorn with the same title and text as the original post and take me to the comments section of the post?,False,7,0,"[""recovery_candidate""]"
vwa_gpt4v_som:reddit:43,reddit,"Gather the title of the cheapest yellow video projector in the ""Video Projectors"" category from OneStopShop, and post its full product name in the /f/gadgets subreddit under the title ""Has anyone bought this product?""",False,2,0,"[""recovery_candidate""]"
vwa_gpt4v_som:reddit:191,reddit,What is the sum of the number of upvotes for the posts on this page that have any part of a physical phone?,False,3,0,"[""recovery_candidate""]"
vwa_gpt4v_som:reddit:200,reddit,Can you take me to the post on this page that is most related to the picture on this page?,False,3,0,"[""recovery_candidate""]"
vwa_gpt4v_som:reddit:14,reddit,Can you help me find and navigate to the comments section of an image post that has something like this image?,True,30,6,"[""recovery_candidate"", ""multi_path""]"
vwa_gpt4v_som:reddit:22,reddit,Find this post and tell me what the top comment says.,False,6,0,"[""recovery_candidate"", ""multi_path""]"
vwa_gpt4v_som:reddit:148,reddit,Leave a comment in this post with the text as the number of arancinis in the image.,False,5,0,"[""recovery_candidate""]"
vwa_gpt4v_som:reddit:7,reddit,I'm doing some research about the post with this image. Navigate to the comment url of the recipe posted by the OP in the comments.,True,16,0,"[""recovery_candidate"", ""multi_path""]"
vwa_gpt4v_som:reddit:133,reddit,How many comments did the post with this image receive? I remember it being one of the top 50 hot posts of /f/ColumbiaMD.,False,4,0,"[""recovery_candidate""]"
vwa_gpt4v_som:reddit:18,reddit,Navigate to a subreddit where I can find the most similar content to this image.,True,1,0,"[""recovery_candidate"", ""multi_path""]"
vwa_gpt4v_som:reddit:19,reddit,Find and upvote this post. I think it was posted in /f/GetMotivated.,False,7,0,"[""recovery_candidate"", ""multi_path""]"
vwa_gpt4v_som:reddit:132,reddit,How many comments did the post with this image receive? I remember it being one of the top 50 hot posts of /f/nyc.,False,11,0,"[""recovery_candidate""]"
vwa_gpt4v_som:reddit:6,reddit,I'm trying to do some research about the post with this image. Tell me how many comments this post has.,False,3,0,"[""recovery_candidate""]"
vwa_gpt4v_som:reddit:149,reddit,Leave a comment in this post with the text as the number of gyozas in the image.,False,9,0,"[""recovery_candidate""]"
vwa_gpt4v_som:reddit:23,reddit,Find this post and tell me what the top comment says.,False,11,0,"[""recovery_candidate"", ""multi_path""]"
vwa_gpt4v_som:reddit:128,reddit,Can you navigate me to the most commented post by the author of this image? I think it is in the /f/pics forum.,True,30,0,"[""recovery_candidate""]"
vwa_gpt4v_som:reddit:201,reddit,Can you take me to the post on this page that is most related to the picture on this page?,False,5,0,"[""recovery_candidate""]"
vwa_gpt4v_som:reddit:15,reddit,Can you help me find and navigate to the comments section of an image post that has something like this image?,False,6,1,"[""recovery_candidate"", ""multi_path""]"
vwa_gpt4v_som:reddit:145,reddit,Leave a comment in this post with the text as the trading loss of the OP in euros.,False,13,0,"[""recovery_candidate""]"
vwa_gpt4v_som:reddit:153,reddit,"Is there a version of this post with the final results? If so, navigate to the comment section for it.",False,15,1,"[""recovery_candidate"", ""multi_path""]"
vwa_gpt4v_som:reddit:81,reddit,Upvote all the posts that have a picture which contains cat on this page.,False,30,0,"[""recovery_candidate""]"
vwa_gpt4v_som:reddit:24,reddit,Find this post and tell me what the top comment says.,False,4,0,"[""recovery_candidate"", ""multi_path""]"
vwa_gpt4v_som:reddit:69,reddit,Make a comment in this post explaining what the picture is about.,False,12,0,"[""recovery_candidate""]"
vwa_gpt4v_som:reddit:142,reddit,Leave a comment in this post with the release date of the movie in the image in mm-dd-yyyy format.,True,4,0,"[""recovery_candidate""]"
vwa_gpt4v_som:reddit:139,reddit,I don't like the author of this image from one of the hot posts in /f/memes. Can you help me block them?,True,11,0,"[""recovery_candidate""]"
vwa_gpt4v_som:reddit:12,reddit,Can you help me find and navigate to the comments section of the post with this image?,False,11,1,"[""recovery_candidate"", ""multi_path""]"
vwa_gpt4v_som:reddit:13,reddit,Can you help me find and navigate to the comments section of the post with this image?,False,11,0,"[""recovery_candidate"", ""multi_path""]"
vwa_gpt4v_som:reddit:143,reddit,Leave a comment in this post with the release date of the movie in the image in mm-dd-yyyy format.,True,10,0,"[""recovery_candidate""]"
vwa_gpt4v_som:reddit:122,reddit,I'm doing some research about the post with this image. Navigate to the recipe posted by the OP in the comments.,False,30,0,"[""recovery_candidate"", ""multi_path""]"
vwa_gpt4v_som:reddit:134,reddit,How many comments did the post with this image receive? I remember it being one of the top 50 hot posts of /f/Maine.,False,8,1,"[""recovery_candidate""]"
vwa_gpt4v_som:reddit:0,reddit,I'm trying to find this post. Navigate to the comment section for it.,True,6,0,"[""recovery_candidate"", ""multi_path""]"
vwa_gpt4v_som:reddit:72,reddit,Make a comment in this post explaining what the picture is about.,True,13,1,"[""recovery_candidate""]"
vwa_gpt4v_som:reddit:25,reddit,Find this post and tell me what the top comment says.,False,3,0,"[""recovery_candidate"", ""multi_path""]"
vwa_gpt4v_som:shopping:434,shopping,"Find me the cheapest thick, original version of the thing in this image and add it to my cart please.",True,15,0,"[""recovery_candidate""]"
vwa_gpt4v_som:shopping:398,shopping,"Given the image, buy the item on this page (in any style) which contain the same object in the image on its design.",False,20,0,"[""recovery_candidate""]"
vwa_gpt4v_som:shopping:438,shopping,"Navigate to the category where this image is most likely to be found. Then, find me the cheapest item that costs more than $5 and can charge multiple devices like in the image shown and add it to my cart.",False,30,0,"[""recovery_candidate"", ""multi_path""]"
vwa_gpt4v_som:shopping:204,shopping,Can you return an image url from an item on this page showing how someone might touch their toes in the gray tank top?,False,3,0,"[""recovery_candidate""]"
vwa_gpt4v_som:shopping:245,shopping,I am going to this place soon. Can you add the most practical footwear for my trip on this page to my cart?,False,3,0,"[""recovery_candidate""]"
vwa_gpt4v_som:shopping:415,shopping,"Rate the toothbrush on this page with a winking character on it in the Toothbrushes & Accessories category with 5 stars, using my nickname EmLo?",False,11,0,"[""recovery_candidate""]"
vwa_gpt4v_som:shopping:356,shopping,Find me a hoodie that is of the same brand as the product in this image. It needs to have the brand logo in multicolor.,False,13,0,"[""recovery_candidate"", ""multi_path""]"
vwa_gpt4v_som:shopping:301,shopping,How many calories are in this item per serving?,False,27,0,"[""recovery_candidate""]"
vwa_gpt4v_som:shopping:244,shopping,I am going to this place soon. Can you add the most practical item for my trip on this page to my cart?,False,5,0,"[""recovery_candidate""]"
vwa_gpt4v_som:shopping:205,shopping,Can you return an image url from an item on this page showing how someone might cuddle their dog in the unicorn blanket?,False,2,0,"[""recovery_candidate""]"
vwa_gpt4v_som:shopping:89,shopping,Add something like the thing at the top of this image to my shopping cart.,True,11,0,"[""recovery_candidate""]"
vwa_gpt4v_som:shopping:435,shopping,Find me the cheapest strawberry version of the thing in this image and add it to my cart please.,True,6,0,"[""recovery_candidate""]"
vwa_gpt4v_som:shopping:193,shopping,How much is the VR headset with a dinosaur in the picture on this page?,True,1,0,"[""recovery_candidate""]"
vwa_gpt4v_som:shopping:57,shopping,Add the one on this page with 'garden' written on it to my wish list.,True,1,0,"[""recovery_candidate""]"
vwa_gpt4v_som:shopping:428,shopping,Can you add all the items on this page with wheels to my shopping cart?,True,5,0,"[""recovery_candidate""]"
vwa_gpt4v_som:shopping:445,shopping,Place the item with the darkest packaging on this page into my cart,True,10,0,"[""recovery_candidate""]"
vwa_gpt4v_som:shopping:259,shopping,Can you order the item on this page that is cheaper between the shirt with a bloody hand (in any color) and the red dress and just leave the other one in my cart? My size is XXL.,False,14,0,"[""high_distraction"", ""recovery_candidate""]"
vwa_gpt4v_som:shopping:408,shopping,Buy me a pair of large shorts that has a skyline of the city shown in this image.,False,2,0,"[""recovery_candidate""]"
vwa_gpt4v_som:shopping:449,shopping,Add all the items with flowers on this page into my cart,False,14,0,"[""recovery_candidate""]"
vwa_gpt4v_som:shopping:448,shopping,Add all the items with no armrests on this page into my cart,False,4,0,"[""recovery_candidate""]"
vwa_gpt4v_som:shopping:409,shopping,Buy me a large hoodie that has a skyline of the city shown in this image.,False,30,0,"[""recovery_candidate""]"
vwa_gpt4v_som:shopping:99,shopping,"I really like the purple item, but I'm not a fan of the color. Can you see if there's one in brown on this page, and if so, add the cheapest one to my wishlist?",False,7,0,"[""high_distraction"", ""recovery_candidate""]"
vwa_gpt4v_som:shopping:258,shopping,Can you order the item on this page that is cheaper between the anime shirt and the orange text top and just leave the other one in my cart? My size is large.,False,16,0,"[""high_distraction"", ""recovery_candidate""]"
vwa_gpt4v_som:shopping:433,shopping,Find me the cheapest small-packet version of the thing in this image and add it to my cart please.,False,8,0,"[""high_distraction"", ""recovery_candidate""]"
vwa_gpt4v_som:shopping:106,shopping,"I like this painting, can you add the most similar one on this page to my wishlist?",True,1,0,"[""recovery_candidate""]"
vwa_gpt4v_som:shopping:281,shopping,Can you order the shoes on this page that I would most likely wear if I was in the image?,False,5,0,"[""recovery_candidate""]"
vwa_gpt4v_som:shopping:429,shopping,Can you add all the items on this page with a stylus to my shopping cart?,False,6,0,"[""recovery_candidate""]"
vwa_gpt4v_som:shopping:192,shopping,What is the width and length of this product in inches? (Not the package size),False,1,0,"[""recovery_candidate""]"
vwa_gpt4v_som:shopping:447,shopping,Add all the items with a strap on this page into my cart,False,8,0,"[""recovery_candidate""]"
vwa_gpt4v_som:shopping:38,shopping,Add the pink ones on this page to my wish list.,True,2,0,"[""recovery_candidate""]"
vwa_gpt4v_som:shopping:105,shopping,"The material of this looks quite good, can you add the most similar one on this page to my wishlist?",True,10,0,"[""recovery_candidate""]"
vwa_gpt4v_som:shopping:282,shopping,Can you order the shoes on this page that I would most likely wear if I was in the image?,False,30,0,"[""recovery_candidate""]"
vwa_gpt4v_som:shopping:353,shopping,"I really like these shoes, but I am not satisfied with the color. Could you find me an item on this page for these shoes with a darker shade or color?",False,13,0,"[""recovery_candidate"", ""multi_path""]"
vwa_gpt4v_som:shopping:304,shopping,How many calories are in this item per serving?,False,30,0,"[""recovery_candidate""]"
vwa_gpt4v_som:shopping:220,shopping,How much is the mirror with the charging cable in the picture on this page?,True,1,0,"[""recovery_candidate""]"
vwa_gpt4v_som:shopping:427,shopping,Can you add all the items on this page with korean words to my shopping cart?,False,12,0,"[""recovery_candidate""]"
vwa_gpt4v_som:shopping:240,shopping,Can you add the items corresponding to the prime numbered positions on this page to my wishlist?,False,1,0,"[""recovery_candidate""]"
vwa_gpt4v_som:shopping:450,shopping,Find me the cheapest shoe with the same brand as the majority of the shoes shown in the second image on this page and put it in my cart,False,17,0,"[""recovery_candidate""]"
vwa_gpt4v_som:shopping:283,shopping,Can you order the shoes on this page that I would most likely wear if I was in the image in a size 8?,False,16,0,"[""recovery_candidate""]"
vwa_gpt4v_som:shopping:104,shopping,"I love the color and style of this, can you add the most similar one on this page to my wishlist?",True,4,0,"[""recovery_candidate""]"
vwa_gpt4v_som:shopping:39,shopping,Add the colorful thing on this page to my wish list.,True,1,0,"[""recovery_candidate""]"
vwa_gpt4v_som:shopping:446,shopping,Place the item with the thickest bezels on this page into my cart,True,26,0,"[""recovery_candidate""]"
vwa_gpt4v_som:shopping:49,shopping,Add the green checkered polo shirt (in any size) on this page to my wish list.,True,1,0,"[""high_distraction"", ""recovery_candidate""]"
vwa_gpt4v_som:shopping:302,shopping,How many calories are in this item per container?,True,1,0,"[""recovery_candidate""]"
vwa_gpt4v_som:shopping:303,shopping,How many calories are in this item per container?,True,1,0,"[""recovery_candidate""]"
vwa_gpt4v_som:shopping:323,shopping,Tell me the price of the purple drink on this page.,False,3,0,"[""high_distraction"", ""recovery_candidate""]"
