benchmark_id,category,site,source_benchmark,task_id,source_task_id,overall_difficulty,intent,start_url,wrong_start_url,original_start_url,require_login,require_reset,eval_types,reference_url,audit_focus,audit_status,keep_or_drop,category_correct,multi_path_confirmed,distraction_visible,recovery_setup_valid,recovery_severity,task_solvable,evaluator_reliable,site_balance_priority,duplicate_or_near_duplicate,visual_dependence,notes,audited_by,review_round
webpqb_001,multi_path,shopping,visualwebarena,437,,hard,Find me the cheapest item that costs between $3-4 and can hold up a phone like in the image shown and add it to my cart.,http://localhost:7770,,,True,False,program_html,,Confirm there are at least two natural paths; distinguish direct vs detour success.,TODO,,,TODO,,,,,,,,,,,v1
webpqb_002,multi_path,classifieds,visualwebarena,170,,hard,"Navigate to the most expensive item in the ""Cell phones"" category which includes in its design the character in this image.",http://localhost:9980,,,True,False,url_match,http://localhost:9980/index.php?page=item&id=36313,Confirm there are at least two natural paths; distinguish direct vs detour success.,TODO,,,TODO,,,,,,,,,,,v1
webpqb_003,multi_path,classifieds,visualwebarena,99,,hard,"Find the most expensive wheelchair lift that has multiple people in the image of the listing, and tell me how much it costs in dollars.",http://localhost:9980,,,True,False,url_match|string_match,http://localhost:9980/index.php?page=item&id=9830,Confirm there are at least two natural paths; distinguish direct vs detour success.,TODO,,,TODO,,,,,,,,,,,v1
webpqb_004,multi_path,classifieds,visualwebarena,211,,hard,"Find me the cheapest farm pig in the ""Farm + garden"" category on this site.",http://localhost:9980,,,True,False,url_match,http://localhost:9980/index.php?page=item&id=72643,Confirm there are at least two natural paths; distinguish direct vs detour success.,TODO,,,TODO,,,,,,,,,,,v1
webpqb_005,multi_path,shopping,visualwebarena,126,,hard,Tell me how much this exact item costs on OneStopMarket.,http://localhost:7770/,,,True,False,string_match,,Confirm there are at least two natural paths; distinguish direct vs detour success.,TODO,,,TODO,,,,,,,,,,,v1
webpqb_006,multi_path,classifieds,visualwebarena,69,,hard,Find the most expensive item posted from Delaware which is related to the brand on the hat in the image.,http://localhost:9980,,,True,False,url_match,http://localhost:9980/index.php?page=item&id=15047,Confirm there are at least two natural paths; distinguish direct vs detour success.,TODO,,,TODO,,,,,,,,,,,v1
webpqb_007,multi_path,classifieds,visualwebarena,111,,hard,"Search for ""hockey"" and tell me the team name of the jersey on the most recently listed item.",http://localhost:9980,,,True,False,string_match,,Confirm there are at least two natural paths; distinguish direct vs detour success.,TODO,,,TODO,,,,,,,,,,,v1
webpqb_008,multi_path,shopping,visualwebarena,452,,hard,Find me the cheapest shoe with marine life printed on it and add one of any size to my shopping cart.,http://localhost:7770,,,True,False,program_html,,Confirm there are at least two natural paths; distinguish direct vs detour success.,TODO,,,TODO,,,,,,,,,,,v1
webpqb_009,multi_path,shopping,visualwebarena,438,,hard,"Navigate to the category where this image is most likely to be found. Then, find me the cheapest item that costs more than $5 and can charge multiple devices like in the image shown and add it to my cart.",http://localhost:7770,,,True,False,program_html,,Confirm there are at least two natural paths; distinguish direct vs detour success.,TODO,,,TODO,,,,,,,,,,,v1
webpqb_010,multi_path,classifieds,visualwebarena,177,,hard,"Navigate to the cheapest listing in the ""Cars + trucks"" category from Ohio or Maryland that is the same color as the objects in this image.",http://localhost:9980,,,True,False,url_match,http://localhost:9980/index.php?page=item&id=15340,Confirm there are at least two natural paths; distinguish direct vs detour success.,TODO,,,TODO,,,,,,,,,,,v1
webpqb_011,multi_path,reddit,visualwebarena,44,,hard,"Find an image of the most expensive artwork from the Posters & Prints category from OneStopShop, and post it as an image in the /f/Art subreddit with the title as the name of the piece and the artist's name.",http://localhost:7770 |AND| http://localhost:9999/forums,,,True,False,url_match|program_html|page_image_query,http://localhost:9999/f/Art,Confirm there are at least two natural paths; distinguish direct vs detour success.,TODO,,,TODO,,,,,,,,,,,v1
webpqb_012,multi_path,classifieds,visualwebarena,126,,hard,"Find me the most recently listed item in the ""Books"" category that references the person in the image.",http://localhost:9980,,,True,False,url_match,http://localhost:9980/index.php?page=item&id=64659,Confirm there are at least two natural paths; distinguish direct vs detour success.,TODO,,,TODO,,,,,,,,,,,v1
webpqb_013,multi_path,shopping,visualwebarena,123,,hard,Tell me how much this exact item costs on OneStopMarket.,http://localhost:7770/,,,True,False,string_match,http://localhost:7770/skyinbags-hand-painted-abstract-plant-tree-oil-painting-on-canvas-large-picture-wall-artwork-modern-art-poster-decoration-for-corridor-live-room-home-decor-gift-90x130cm-unframed9.html,Confirm there are at least two natural paths; distinguish direct vs detour success.,TODO,,,TODO,,,,,,,,,,,v1
webpqb_014,multi_path,classifieds,visualwebarena,37,,hard,Find all listings for this exact item on OSClass and compare its price to the cheapest listing on OneStopMarket. Return the link of the cheapest item on both sites.,http://localhost:9980 |AND| http://localhost:7770,,,True,False,string_match,,Confirm there are at least two natural paths; distinguish direct vs detour success.,TODO,,,TODO,,,,,,,,,,,v1
webpqb_015,multi_path,classifieds,visualwebarena,102,,hard,Tell me the height in inches of the most recently listed item in Art + crafts section portraying the person in the image.,http://localhost:9980,,,True,False,string_match,,Confirm there are at least two natural paths; distinguish direct vs detour success.,TODO,,,TODO,,,,,,,,,,,v1
webpqb_016,multi_path,classifieds,visualwebarena,81,,hard,Find the cheapest book with a hurricane on the cover.,http://localhost:9980,,,True,False,url_match,http://localhost:9980/index.php?page=item&id=4727,Confirm there are at least two natural paths; distinguish direct vs detour success.,TODO,,,TODO,,,,,,,,,,,v1
webpqb_017,multi_path,classifieds,visualwebarena,95,,hard,"Find the most expensive boat with a listing image showing it on water. Add a 5 star rating with title ""Awesome boat"" and text ""Mine is similar!"".",http://localhost:9980,,,True,False,program_html,,Confirm there are at least two natural paths; distinguish direct vs detour success.,TODO,,,TODO,,,,,,,,,,,v1
webpqb_018,multi_path,classifieds,visualwebarena,156,,hard,"Explore the ""Bikes"" category, and find the oldest listed item whose image is taken on carpet.",http://localhost:9980,,,True,False,url_match,http://localhost:9980/index.php?page=item&id=6429,Confirm there are at least two natural paths; distinguish direct vs detour success.,TODO,,,TODO,,,,,,,,,,,v1
webpqb_019,multi_path,classifieds,visualwebarena,127,,hard,"Search for ""MCAT"" and navigate to the prep book that has 2020-2021 on the cover.",http://localhost:9980,,,True,False,url_match,http://localhost:9980/index.php?page=item&id=5802,Confirm there are at least two natural paths; distinguish direct vs detour success.,TODO,,,TODO,,,,,,,,,,,v1
webpqb_020,multi_path,classifieds,visualwebarena,154,,hard,"Explore the ""Furniture"" category, and find the oldest listed item whose image is taken outside.",http://localhost:9980,,,True,False,url_match,http://localhost:9980/index.php?page=item&id=67923,Confirm there are at least two natural paths; distinguish direct vs detour success.,TODO,,,TODO,,,,,,,,,,,v1
webpqb_021,multi_path,classifieds,visualwebarena,206,,medium,Find the cheapest freezer with a warranty between $250 and $280 that does not have a fridge.,http://localhost:9980,,,True,False,url_match,http://localhost:9980/index.php?page=item&id=32949,Confirm there are at least two natural paths; distinguish direct vs detour success.,TODO,,,TODO,,,,,,,,,,,v1
webpqb_022,multi_path,classifieds,visualwebarena,103,,medium,"Explore the ""Arts + crafts"" category, and find the most recently listed item portraying the person in this image.",http://localhost:9980,,,True,False,url_match,http://localhost:9980/index.php?page=item&id=77577,Confirm there are at least two natural paths; distinguish direct vs detour success.,TODO,,,TODO,,,,,,,,,,,v1
webpqb_023,multi_path,classifieds,visualwebarena,60,,medium,Find the most expensive video game item where I can roleplay the situation in the image.,http://localhost:9980,,,True,False,url_match,http://localhost:9980/index.php?page=item&id=4188,Confirm there are at least two natural paths; distinguish direct vs detour success.,TODO,,,TODO,,,,,,,,,,,v1
webpqb_024,multi_path,shopping,visualwebarena,453,,medium,Find me a product in the Shoes tab that has the closest color to the sneakers in the other tab. Add one (in any size) to my cart.,http://localhost:7770/sweetshopz-beer-irish-wallpaper-st-patrick-day-active-running-walking-sneakers-shoes-for-women-men-unisex-kids-adults-fashion-sports-black.html |AND| http://localhost:7770/clothing-shoes-jewelry/men/shoes.html?p=4&product_list_order=price,,,True,False,program_html,,Confirm there are at least two natural paths; distinguish direct vs detour success.,TODO,,,TODO,,,,,,,,,,,v1
webpqb_025,multi_path,classifieds,visualwebarena,67,,medium,Find the cheapest video game item where I can roleplay the situation in the image.,http://localhost:9980,,,True,False,url_match,http://localhost:9980/index.php?page=item&id=7114,Confirm there are at least two natural paths; distinguish direct vs detour success.,TODO,,,TODO,,,,,,,,,,,v1
webpqb_026,multi_path,classifieds,visualwebarena,181,,medium,"Navigate to the most expensive item in the ""Video gaming"" category with the same item from the image.",http://localhost:9980,,,True,False,url_match,http://localhost:9980/index.php?page=item&id=7915,Confirm there are at least two natural paths; distinguish direct vs detour success.,TODO,,,TODO,,,,,,,,,,,v1
webpqb_027,multi_path,shopping,visualwebarena,21,,medium,"What is the color of the most expensive item in the ""Over-Ear Headphones"" category?",http://localhost:7770/,,,True,False,string_match,,Confirm there are at least two natural paths; distinguish direct vs detour success.,TODO,,,TODO,,,,,,,,,,,v1
webpqb_028,multi_path,shopping,visualwebarena,19,,medium,"What is the price of the most expensive feather lamp product in the ""Lamps & Shades"" category?",http://localhost:7770/,,,True,False,string_match,,Confirm there are at least two natural paths; distinguish direct vs detour success.,TODO,,,TODO,,,,,,,,,,,v1
webpqb_029,multi_path,classifieds,visualwebarena,62,,medium,Find the most expensive video game item with the character from the image on its display.,http://localhost:9980,,,True,False,url_match,http://localhost:9980/index.php?page=item&id=19137,Confirm there are at least two natural paths; distinguish direct vs detour success.,TODO,,,TODO,,,,,,,,,,,v1
webpqb_030,multi_path,classifieds,visualwebarena,210,,medium,"Find me the cheapest lamb in the ""Farm + garden"" category on this site.",http://localhost:9980,,,True,False,url_match,http://localhost:9980/index.php?page=item&id=81060,Confirm there are at least two natural paths; distinguish direct vs detour success.,TODO,,,TODO,,,,,,,,,,,v1
webpqb_031,multi_path,classifieds,visualwebarena,86,,medium,Find the cheapest Toyota that is the same color as the cheaper Toyota in my listings.,http://localhost:9980,,,True,False,url_match,http://localhost:9980/index.php?page=item&id=72103,Confirm there are at least two natural paths; distinguish direct vs detour success.,TODO,,,TODO,,,,,,,,,,,v1
webpqb_032,multi_path,classifieds,visualwebarena,0,,medium,Find me the cheapest blue kayak on this site.,http://localhost:9980,,,True,False,url_match,http://localhost:9980/index.php?page=item&id=4799,Confirm there are at least two natural paths; distinguish direct vs detour success.,TODO,,,TODO,,,,,,,,,,,v1
webpqb_033,multi_path,shopping,visualwebarena,41,,medium,"What is the color and price of the cheapest item in the ""Men's Uniforms, Work & Safety"" category?",http://localhost:7770/,,,True,False,string_match,,Confirm there are at least two natural paths; distinguish direct vs detour success.,TODO,,,TODO,,,,,,,,,,,v1
webpqb_034,multi_path,classifieds,visualwebarena,157,,medium,"Explore the ""Music instruments"" category, and find the oldest listed item whose image shows an instruction manual.",http://localhost:9980,,,True,False,url_match,http://localhost:9980/index.php?page=item&id=33917,Confirm there are at least two natural paths; distinguish direct vs detour success.,TODO,,,TODO,,,,,,,,,,,v1
webpqb_035,multi_path,classifieds,visualwebarena,65,,medium,Find the cheapest video game item where I can roleplay the situation in the image.,http://localhost:9980,,,True,False,url_match,http://localhost:9980/index.php?page=item&id=28239,Confirm there are at least two natural paths; distinguish direct vs detour success.,TODO,,,TODO,,,,,,,,,,,v1
webpqb_036,multi_path,classifieds,visualwebarena,66,,medium,Find the cheapest video game item where I can roleplay the situation in the image.,http://localhost:9980,,,True,False,url_match,http://localhost:9980/index.php?page=item&id=6175,Confirm there are at least two natural paths; distinguish direct vs detour success.,TODO,,,TODO,,,,,,,,,,,v1
webpqb_037,multi_path,shopping,visualwebarena,45,,medium,"Find me the cheapest item in the ""Children's Dental Care"" category that comes in the style of a cupcake.",http://localhost:7770/,,,True,False,url_match,http://localhost:7770/children-s-toothbrush-u-shaped-age-2-12-kids-silicone-toothbrush-food-soft-silicone-brush-head-with-cute-cake-look.html,Confirm there are at least two natural paths; distinguish direct vs detour success.,TODO,,,TODO,,,,,,,,,,,v1
webpqb_038,multi_path,classifieds,visualwebarena,116,,medium,"Search for ""brace"" and navigate to the cheapest item that matches the body part in this image.",http://localhost:9980,,,True,False,url_match,http://localhost:9980/index.php?page=item&id=42654,Confirm there are at least two natural paths; distinguish direct vs detour success.,TODO,,,TODO,,,,,,,,,,,v1
webpqb_039,multi_path,shopping,visualwebarena,22,,medium,"What is the color of the second cheapest item in the ""Snack Gifts"" category?",http://localhost:7770/,,,True,False,string_match,,Confirm there are at least two natural paths; distinguish direct vs detour success.,TODO,,,TODO,,,,,,,,,,,v1
webpqb_040,multi_path,reddit,visualwebarena,154,,medium,"I think I saw a post in f/DataIsBeautiful that talked about the price of training ImageNet models. Can you tell me how much it cost in 2020 was to train a top-5 model with >93% accuracy? Finally, take me to the comments section of the post.",http://localhost:9999,,,False,False,string_match|url_match,http://localhost:9999/f/dataisbeautiful/103920,Confirm there are at least two natural paths; distinguish direct vs detour success.,TODO,,,TODO,,,,,,,,,,,v1
webpqb_041,multi_path,classifieds,visualwebarena,12,,easy,What is the color of most recently listed motorcycle?,http://localhost:9980,,,True,False,string_match,http://localhost:9980/index.php?page=item&id=9068,Confirm there are at least two natural paths; distinguish direct vs detour success.,TODO,,,TODO,,,,,,,,,,,v1
webpqb_042,multi_path,shopping,visualwebarena,311,,easy,"Tell me the price of the item in the fourth row, second column.",http://localhost:7770,,,False,False,string_match,,Confirm there are at least two natural paths; distinguish direct vs detour success.,TODO,,,TODO,,,,,,,,,,,v1
webpqb_043,multi_path,shopping,visualwebarena,13,,easy,What is the price range for products in the first row of this page?,http://localhost:7770/,,,True,False,string_match,,Confirm there are at least two natural paths; distinguish direct vs detour success.,TODO,,,TODO,,,,,,,,,,,v1
webpqb_044,multi_path,classifieds,visualwebarena,54,,easy,"Find the most recently listed item in the ""Video gaming"" category that is related to this game I used to play.",http://localhost:9980,,,True,False,url_match,http://localhost:9980/index.php?page=item&id=787,Confirm there are at least two natural paths; distinguish direct vs detour success.,TODO,,,TODO,,,,,,,,,,,v1
webpqb_045,multi_path,classifieds,visualwebarena,68,,easy,Find the cheapest Tiger Woods video game item where the person on the cover has a red shirt.,http://localhost:9980,,,True,False,url_match,http://localhost:9980/index.php?page=item&id=2278,Confirm there are at least two natural paths; distinguish direct vs detour success.,TODO,,,TODO,,,,,,,,,,,v1
webpqb_046,multi_path,reddit,visualwebarena,93,,easy,What is the color of the plate used for the picture from the most controversial post of all time in f/food?,http://localhost:9999,,,False,False,string_match,,Confirm there are at least two natural paths; distinguish direct vs detour success.,TODO,,,TODO,,,,,,,,,,,v1
webpqb_047,multi_path,reddit,visualwebarena,95,,easy,What is the color of the snow near the Chrismas tree in the picture from the second hottest post in f/newhaven?,http://localhost:9999,,,False,False,string_match,,Confirm there are at least two natural paths; distinguish direct vs detour success.,TODO,,,TODO,,,,,,,,,,,v1
webpqb_048,multi_path,reddit,visualwebarena,97,,easy,What is the color of the radio in the picture from the newest post in f/BuyItForLife?,http://localhost:9999,,,False,False,string_match,,Confirm there are at least two natural paths; distinguish direct vs detour success.,TODO,,,TODO,,,,,,,,,,,v1
webpqb_049,multi_path,classifieds,visualwebarena,55,,easy,"Find the most recently listed item in the ""Collectibles"" category that depicts the inventors of this.",http://localhost:9980,,,True,False,url_match,http://localhost:9980/index.php?page=item&id=78765,Confirm there are at least two natural paths; distinguish direct vs detour success.,TODO,,,TODO,,,,,,,,,,,v1
webpqb_050,multi_path,classifieds,visualwebarena,13,,easy,"What is the color of the most expensive item in the ""Boats"" category?",http://localhost:9980,,,True,False,string_match,http://localhost:9980/index.php?page=item&id=40932,Confirm there are at least two natural paths; distinguish direct vs detour success.,TODO,,,TODO,,,,,,,,,,,v1
webpqb_051,multi_path,shopping,visualwebarena,125,,hard,Tell me how much this exact item costs on OneStopMarket.,http://localhost:7770/,,,True,False,string_match,,Confirm there are at least two natural paths; distinguish direct vs detour success.,TODO,,,TODO,,,,,,,,,,,v1
webpqb_052,multi_path,classifieds,visualwebarena,61,,medium,Find the most expensive video game item where I can roleplay the situation in the image.,http://localhost:9980,,,True,False,url_match,http://localhost:9980/index.php?page=item&id=42756,Confirm there are at least two natural paths; distinguish direct vs detour success.,TODO,,,TODO,,,,,,,,,,,v1
webpqb_053,multi_path,classifieds,visualwebarena,184,,hard,"Navigate to the most expensive item in the ""Collectibles"" category with the same exact item from the image.",http://localhost:9980,,,True,False,url_match,http://localhost:9980/index.php?page=item&id=18837,Confirm there are at least two natural paths; distinguish direct vs detour success.,TODO,,,TODO,,,,,,,,,,,v1
webpqb_054,multi_path,classifieds,visualwebarena,100,,hard,What is the number shown on the image of the most expensive race car in the Arts + crafts section?,http://localhost:9980,,,True,False,string_match,http://localhost:9980/index.php?page=item&id=2354,Confirm there are at least two natural paths; distinguish direct vs detour success.,TODO,,,TODO,,,,,,,,,,,v1
webpqb_055,multi_path,classifieds,visualwebarena,182,,hard,Navigate to the most recent video game listing with the the Playstation home screen in the image.,http://localhost:9980,,,True,False,url_match,http://localhost:9980/index.php?page=item&id=41845,Confirm there are at least two natural paths; distinguish direct vs detour success.,TODO,,,TODO,,,,,,,,,,,v1
webpqb_056,multi_path,classifieds,visualwebarena,232,,hard,Find me the cheapest controller from the classifieds site that is meant for the console in the image on the Reddit tab.,http://localhost:9999/f/consoles/124577/name-a-better-console-you-can-t |AND| http://localhost:9980,,,True,False,url_match,http://localhost:9980/index.php?page=item&id=33011,Confirm there are at least two natural paths; distinguish direct vs detour success.,TODO,,,TODO,,,,,,,,,,,v1
webpqb_057,multi_path,classifieds,visualwebarena,198,,hard,"Navigate to the cheapest watch with hints of faded red and green that costs at least 13,000 dollars.",http://localhost:9980,,,True,False,url_match,http://localhost:9980/index.php?page=item&id=37012,Confirm there are at least two natural paths; distinguish direct vs detour success.,TODO,,,TODO,,,,,,,,,,,v1
webpqb_058,multi_path,classifieds,visualwebarena,195,,hard,"Navigate to the most expensive yellow motorcycle in the ""Motorcycles"" category that costs at least 25,000 dollars.",http://localhost:9980,,,True,False,string_match,,Confirm there are at least two natural paths; distinguish direct vs detour success.,TODO,,,TODO,,,,,,,,,,,v1
webpqb_059,multi_path,shopping,visualwebarena,170,,hard,Can you find me a product that combines the functions of the items in the following images?,http://localhost:7770,,,False,False,program_html,,Confirm there are at least two natural paths; distinguish direct vs detour success.,TODO,,,TODO,,,,,,,,,,,v1
webpqb_060,multi_path,classifieds,visualwebarena,115,,medium,"Search for ""brace"" and navigate to the most recently listed item that matches the body part in this image.",http://localhost:9980,,,True,False,url_match,http://localhost:9980/index.php?page=item&id=68133,Confirm there are at least two natural paths; distinguish direct vs detour success.,TODO,,,TODO,,,,,,,,,,,v1
webpqb_061,high_distraction,classifieds,visualwebarena,228,,hard,"Find me the most recent live plant listing from the classifieds site that is the same plant type as the plant shown in the image on OneStopMarket. Then, if there are at least 3 of those plants below 9ft tall shown in the product listing image, comment with the title ""Interested"" and text ""I want 3"".",http://localhost:9980 |AND| http://localhost:7770/posterazzi-pdxjp6549small-live-photo-print-12-x-24-multi.html,,,True,False,program_html,,"Confirm the page really contains distracting alternatives, not just a constraint-heavy goal.",TODO,,,,TODO,,,,,,,,,,v1
webpqb_062,high_distraction,classifieds,visualwebarena,75,,hard,Navigate to my listing of the white vase and change the price to $120 (including in the description).,http://localhost:9980,,,True,False,program_html,,"Confirm the page really contains distracting alternatives, not just a constraint-heavy goal.",TODO,,,,TODO,,,,,,,,,,v1
webpqb_063,high_distraction,classifieds,visualwebarena,175,,hard,"Navigate to the cheapest controller in the ""Video gaming"" category from Ohio or Pennsylvania that is predominantly white.",http://localhost:9980,,,True,False,url_match,http://localhost:9980/index.php?page=item&id=80517,"Confirm the page really contains distracting alternatives, not just a constraint-heavy goal.",TODO,,,,TODO,,,,,,,,,,v1
webpqb_064,high_distraction,shopping,visualwebarena,155,,hard,Find me a set of headphones of the same brand as the product in this picture. It needs to be silver colored and have at least 10 reviews with an average rating greater than 4.,http://localhost:7770,,,False,False,url_match,http://localhost:7770/sony-wh1000xm3-bluetooth-wireless-noise-canceling-headphones-silver-wh-1000xm3-s-renewed.html |OR| http://localhost:7770/sony-h900n-hi-res-noise-cancelling-wireless-headphone-grayish-black-renewed.html |OR| http://localhost:7770/sony-mdrx10-red-simon-cowell-x-headphones-with-50mm-diaphragms.html,"Confirm the page really contains distracting alternatives, not just a constraint-heavy goal.",TODO,,,,TODO,,,,,,,,,,v1
webpqb_065,high_distraction,classifieds,visualwebarena,196,,hard,"Navigate to the most expensive red truck in the ""Cars + trucks"" category from Maryland that is at least 50,000 dollars.",http://localhost:9980,,,True,False,string_match,,"Confirm the page really contains distracting alternatives, not just a constraint-heavy goal.",TODO,,,,TODO,,,,,,,,,,v1
webpqb_066,high_distraction,shopping,visualwebarena,176,,hard,Find me a black headphone that is of the same brand as the product in this picture and buy it for me. It needs to be priced more than $1000.,http://localhost:7770,,,False,False,program_html,,"Confirm the page really contains distracting alternatives, not just a constraint-heavy goal.",TODO,,,,TODO,,,,,,,,,,v1
webpqb_067,high_distraction,shopping,visualwebarena,177,,hard,Find me a headphone that is of the same brand as the product in this picture and buy it for me. It needs to have color sliver and have at least 10 reviews with an average rating greater than 4.,http://localhost:7770,,,False,False,program_html,,"Confirm the page really contains distracting alternatives, not just a constraint-heavy goal.",TODO,,,,TODO,,,,,,,,,,v1
webpqb_068,high_distraction,classifieds,visualwebarena,133,,hard,"Find the oldest listing of Xbox One games in the ""Video gaming"" category with more than 9 games in the listing image. Add a 4 star rating with title ""Nice collection"" and text ""Any other games?"".",http://localhost:9980,,,True,False,program_html,,"Confirm the page really contains distracting alternatives, not just a constraint-heavy goal.",TODO,,,,TODO,,,,,,,,,,v1
webpqb_069,high_distraction,shopping,visualwebarena,166,,hard,Find me a shoe that is designed for the sport depicted in the first picture and has the same brand as products in the second picture. It needs to have the same color as the flower in the third picture.,http://localhost:7770,,,False,False,program_html|page_image_query,,"Confirm the page really contains distracting alternatives, not just a constraint-heavy goal.",TODO,,,,TODO,,,,,,,,,,v1
webpqb_070,high_distraction,shopping,visualwebarena,413,,hard,Buy me a pair of small shorts under 30 dollars that references the city in the image.,http://localhost:7770,,,True,False,program_html,,"Confirm the page really contains distracting alternatives, not just a constraint-heavy goal.",TODO,,,,TODO,,,,,,,,,,v1
webpqb_071,high_distraction,shopping,visualwebarena,183,,hard,Find me a 📺 that is of the same brand as products in one of the following pictures and buy 3️⃣ for me. It needs to have price between $4000 and $10000.,http://localhost:7770,,,False,False,program_html,,"Confirm the page really contains distracting alternatives, not just a constraint-heavy goal.",TODO,,,,TODO,,,,,,,,,,v1
webpqb_072,high_distraction,shopping,visualwebarena,178,,hard,Find me a multifunction printer (copy/scan/fax/print) that is of the same brand as the product in this picture and buy 🔟 of them for me. It needs to have color black and have at least 5 reviews with an average rating greater than 3.,http://localhost:7770,,,False,False,program_html,,"Confirm the page really contains distracting alternatives, not just a constraint-heavy goal.",TODO,,,,TODO,,,,,,,,,,v1
webpqb_073,high_distraction,shopping,visualwebarena,179,,hard,Find me all of the protein bars that is of the same brand as the product in this picture and buy 12 bars of each (at the lowest possible per unit price) for me. It needs to have per unit price between $1.66 and $4.08.,http://localhost:7770,,,False,False,program_html,,"Confirm the page really contains distracting alternatives, not just a constraint-heavy goal.",TODO,,,,TODO,,,,,,,,,,v1
webpqb_074,high_distraction,shopping,visualwebarena,343,,hard,Buy a desktop computer which has a CPU of the same brand as the CPU in the image.,http://localhost:7770,,,True,False,program_html,,"Confirm the page really contains distracting alternatives, not just a constraint-heavy goal.",TODO,,,,TODO,,,,,,,,,,v1
webpqb_075,high_distraction,reddit,visualwebarena,74,,hard,"Find me a keyboard version of what the man is wearing in the picture. Then, count how many white key is on it and post it in the comment section of that post with the following format: ""It has <number of keys> white keys!!"" (not including the double inverted commas), replacing <number of keys> with the actual number of white keys in the picture. Remember that partially occluded keycaps need to be counted also.",http://localhost:9999,,,False,False,program_html,,"Confirm the page really contains distracting alternatives, not just a constraint-heavy goal.",TODO,,,,TODO,,,,,,,,,,v1
webpqb_076,high_distraction,shopping,visualwebarena,180,,hard,"Find me a digital camera with warranty that is of the same brand as products in one of the following pictures and buy one for me. It needs to be black and have at least 12 reviews. Furthermore, it cannot be too expensive - it needs to have price less than $700.",http://localhost:7770,,,False,False,program_html,,"Confirm the page really contains distracting alternatives, not just a constraint-heavy goal.",TODO,,,,TODO,,,,,,,,,,v1
webpqb_077,high_distraction,shopping,visualwebarena,175,,hard,Find me a wireless white game controller that is of the same brand as the product in this picture and buy it for me. It needs to have at 10 reviews and be priced between $110-$120.,http://localhost:7770,,,False,False,program_html,,"Confirm the page really contains distracting alternatives, not just a constraint-heavy goal.",TODO,,,,TODO,,,,,,,,,,v1
webpqb_078,high_distraction,shopping,visualwebarena,165,,hard,Find me a men's tennis shoe that is of the same brand as products in one of the following pictures. It needs to have price between $60 and $120 with at least 11 reviews.,http://localhost:7770,,,False,False,program_html,,"Confirm the page really contains distracting alternatives, not just a constraint-heavy goal.",TODO,,,,TODO,,,,,,,,,,v1
webpqb_079,high_distraction,classifieds,visualwebarena,35,,hard,"Search for ""loveseat"" in the Furniture category and return the links of the most recent two items that are not black or gray.",http://localhost:9980,,,True,False,string_match,,"Confirm the page really contains distracting alternatives, not just a constraint-heavy goal.",TODO,,,,TODO,,,,,,,,,,v1
webpqb_080,high_distraction,classifieds,visualwebarena,39,,hard,"Find the three most recent bikes with predominantly red frames in the ""Bikes"" category, and tell me the size of their frames in inches.",http://localhost:9980,,,True,False,string_match,,"Confirm the page really contains distracting alternatives, not just a constraint-heavy goal.",TODO,,,,TODO,,,,,,,,,,v1
webpqb_081,high_distraction,classifieds,visualwebarena,73,,medium,Find me the cheapest posting from Delaware that has the same brand as the product in the image.,http://localhost:9980,,,True,False,url_match,http://localhost:9980/index.php?page=item&id=78325,"Confirm the page really contains distracting alternatives, not just a constraint-heavy goal.",TODO,,,,TODO,,,,,,,,,,v1
webpqb_082,high_distraction,classifieds,visualwebarena,108,,medium,Tell me the name of the lister with the most expensive green vehicle from West Virginia.,http://localhost:9980,,,True,False,string_match,,"Confirm the page really contains distracting alternatives, not just a constraint-heavy goal.",TODO,,,,TODO,,,,,,,,,,v1
webpqb_083,high_distraction,shopping,visualwebarena,326,,medium,"Purchase the cheapest headphones that has the same brand as the one in the image, in blue.",http://localhost:7770,,,False,False,program_html,,"Confirm the page really contains distracting alternatives, not just a constraint-heavy goal.",TODO,,,,TODO,,,,,,,,,,v1
webpqb_084,high_distraction,classifieds,visualwebarena,82,,medium,"Find the most expensive purple hard-case book, and tell me how much it costs in dollars.",http://localhost:9980,,,True,False,url_match|string_match,http://localhost:9980/index.php?page=item&id=44383,"Confirm the page really contains distracting alternatives, not just a constraint-heavy goal.",TODO,,,,TODO,,,,,,,,,,v1
webpqb_085,high_distraction,shopping,visualwebarena,154,,medium,Find me a set of headphones of the same brand as the product in this picture.,http://localhost:7770,,,False,False,program_html|page_image_query,,"Confirm the page really contains distracting alternatives, not just a constraint-heavy goal.",TODO,,,,TODO,,,,,,,,,,v1
webpqb_086,high_distraction,classifieds,visualwebarena,3,,medium,"Find me the most recently posted item in the ""Photo + video"" category that is not completely black in color. It should be between $1000 to $1200.",http://localhost:9980,,,True,False,url_match,http://localhost:9980/index.php?page=item&id=39343,"Confirm the page really contains distracting alternatives, not just a constraint-heavy goal.",TODO,,,,TODO,,,,,,,,,,v1
webpqb_087,high_distraction,classifieds,visualwebarena,2,,medium,"Find me the most recently posted item in the ""Jewelry"" category with a red gem. It should be between $300 to $600.",http://localhost:9980,,,True,False,url_match,http://localhost:9980/index.php?page=item&id=10066,"Confirm the page really contains distracting alternatives, not just a constraint-heavy goal.",TODO,,,,TODO,,,,,,,,,,v1
webpqb_088,high_distraction,shopping,visualwebarena,297,,medium,Find me a hoodie that has the same brand as the one the man is wearing in the picture.,http://localhost:7770,,,False,False,program_html|page_image_query,,"Confirm the page really contains distracting alternatives, not just a constraint-heavy goal.",TODO,,,,TODO,,,,,,,,,,v1
webpqb_089,high_distraction,shopping,visualwebarena,284,,medium,That second picture in the Wikipedia page looks delicious! Can you order 2 pounds of thin slices for me in OneStopShop?,http://localhost:8888/wikipedia_en_all_maxi_2022-05/A/Wagyu |AND| http://localhost:7770,,,True,False,program_html,,"Confirm the page really contains distracting alternatives, not just a constraint-heavy goal.",TODO,,,,TODO,,,,,,,,,,v1
webpqb_090,high_distraction,classifieds,visualwebarena,7,,medium,"Return the links of the 2 most recent items in the ""Cell phones"" category within $300 to $600 that are white in color.",http://localhost:9980,,,True,False,string_match,,"Confirm the page really contains distracting alternatives, not just a constraint-heavy goal.",TODO,,,,TODO,,,,,,,,,,v1
webpqb_091,high_distraction,classifieds,visualwebarena,109,,medium,"How many miles does the most expensive white sports car in the ""Cars + trucks"" category from Ohio have?",http://localhost:9980,,,True,False,string_match,,"Confirm the page really contains distracting alternatives, not just a constraint-heavy goal.",TODO,,,,TODO,,,,,,,,,,v1
webpqb_092,high_distraction,shopping,visualwebarena,371,,medium,"Search for ""hoodie"" and buy me a hoodie (in any color) with a jack-o-lantern design for less than 10 dollars.",http://localhost:7770,,,True,False,program_html,,"Confirm the page really contains distracting alternatives, not just a constraint-heavy goal.",TODO,,,,TODO,,,,,,,,,,v1
webpqb_093,high_distraction,reddit,visualwebarena,117,,medium,What is the birth year of the dog with pink hair? Answer using the Wikipedia site in the second tab.,http://localhost:9999/f/memes/85200 |AND| http://localhost:8888/wikipedia_en_all_maxi_2022-05/A/User:The_other_Kiwix_guy/Landing,,,False,False,string_match,,"Confirm the page really contains distracting alternatives, not just a constraint-heavy goal.",TODO,,,,TODO,,,,,,,,,,v1
webpqb_094,high_distraction,shopping,visualwebarena,325,,medium,"Purchase the cheapest item that closely resembles the item on the right in the image, in blue.",http://localhost:7770,,,False,False,program_html,,"Confirm the page really contains distracting alternatives, not just a constraint-heavy goal.",TODO,,,,TODO,,,,,,,,,,v1
webpqb_095,high_distraction,shopping,visualwebarena,44,,medium,"Find me the cheapest item in the ""Posters & Prints"" category that comes in blue.",http://localhost:7770/,,,True,False,url_match,http://localhost:7770/palacelearning-the-starry-night-1889-by-vincent-van-gogh-fine-art-poster-wall-art-print-laminated-18-x-24.html,"Confirm the page really contains distracting alternatives, not just a constraint-heavy goal.",TODO,,,,TODO,,,,,,,,,,v1
webpqb_096,high_distraction,shopping,visualwebarena,374,,medium,"Buy me a phone case (from the ""Basic Cases"" category) with a Barbie theme between 12-14 dollars.",http://localhost:7770,,,True,False,program_html,,"Confirm the page really contains distracting alternatives, not just a constraint-heavy goal.",TODO,,,,TODO,,,,,,,,,,v1
webpqb_097,high_distraction,classifieds,visualwebarena,88,,medium,"Find the most expensive red vehicle in the ""Cars + trucks"" category from Virginia with trees in the background of its image.",http://localhost:9980,,,True,False,url_match,http://localhost:9980/index.php?page=item&id=50736,"Confirm the page really contains distracting alternatives, not just a constraint-heavy goal.",TODO,,,,TODO,,,,,,,,,,v1
webpqb_098,high_distraction,shopping,visualwebarena,354,,medium,Find me shoes that are of the same brand as the product in this picture. It needs to be less than 70 dollars.,http://localhost:7770/,,,True,False,program_html,,"Confirm the page really contains distracting alternatives, not just a constraint-heavy goal.",TODO,,,,TODO,,,,,,,,,,v1
webpqb_099,high_distraction,shopping,visualwebarena,189,,medium,"Can you add the two most expensive fully black VR headsets in the ""Virtual Reality"" category to the comparison page?",http://localhost:7770/,,,False,False,program_html,,"Confirm the page really contains distracting alternatives, not just a constraint-heavy goal.",TODO,,,,TODO,,,,,,,,,,v1
webpqb_100,high_distraction,shopping,visualwebarena,328,,medium,Buy eight batteries of the same type as shown in the image while minimizing costs.,http://localhost:7770,,,False,False,program_html,,"Confirm the page really contains distracting alternatives, not just a constraint-heavy goal.",TODO,,,,TODO,,,,,,,,,,v1
webpqb_101,high_distraction,shopping,visualwebarena,29,,easy,"Show me the first red coat in the search results for ""winter coat"".",http://localhost:7770/,,,True,False,url_match,http://localhost:7770/smooto-winter-coats-women-s-warm-hooded-thick-padded-outerwear-jackets-overcoat.html,"Confirm the page really contains distracting alternatives, not just a constraint-heavy goal.",TODO,,,,TODO,,,,,,,,,,v1
webpqb_102,high_distraction,classifieds,visualwebarena,89,,easy,Find the most expensive car from Virginia that is neon green.,http://localhost:9980,,,True,False,url_match,http://localhost:9980/index.php?page=item&id=63326,"Confirm the page really contains distracting alternatives, not just a constraint-heavy goal.",TODO,,,,TODO,,,,,,,,,,v1
webpqb_103,high_distraction,shopping,visualwebarena,69,,easy,"List out reviewers, if exist, who mention 'hot' for the item in black packaging",http://localhost:7770,,,True,False,string_match,,"Confirm the page really contains distracting alternatives, not just a constraint-heavy goal.",TODO,,,,TODO,,,,,,,,,,v1
webpqb_104,high_distraction,classifieds,visualwebarena,172,,easy,"Navigate to the cheapest listing in the ""Furniture category"" with three blue chairs suitable for a workplace in the image.",http://localhost:9980,,,True,False,url_match,http://localhost:9980/index.php?page=item&id=23701,"Confirm the page really contains distracting alternatives, not just a constraint-heavy goal.",TODO,,,,TODO,,,,,,,,,,v1
webpqb_105,high_distraction,classifieds,visualwebarena,171,,easy,"Navigate to the oldest listing in the ""Cell phones"" category which has a hot pink screen in the image.",http://localhost:9980,,,True,False,url_match,http://localhost:9980/index.php?page=item&id=32832,"Confirm the page really contains distracting alternatives, not just a constraint-heavy goal.",TODO,,,,TODO,,,,,,,,,,v1
webpqb_106,high_distraction,shopping,visualwebarena,27,,easy,"Show me the first white table in the search results for ""table"".",http://localhost:7770/,,,True,False,url_match,http://localhost:7770/n-a-yyhen-beautiful-three-legged-wooden-coffee-tableiving-room-balcony-simple-end-table-white.html,"Confirm the page really contains distracting alternatives, not just a constraint-heavy goal.",TODO,,,,TODO,,,,,,,,,,v1
webpqb_107,high_distraction,classifieds,visualwebarena,56,,easy,Find the cheapest snowblower that is not red in color.,http://localhost:9980,,,True,False,url_match,http://localhost:9980/index.php?page=item&id=25929,"Confirm the page really contains distracting alternatives, not just a constraint-heavy goal.",TODO,,,,TODO,,,,,,,,,,v1
webpqb_108,high_distraction,classifieds,visualwebarena,74,,easy,Find the most expensive truck from Ohio that is white.,http://localhost:9980,,,True,False,url_match,http://localhost:9980/index.php?page=item&id=14818,"Confirm the page really contains distracting alternatives, not just a constraint-heavy goal.",TODO,,,,TODO,,,,,,,,,,v1
webpqb_109,high_distraction,shopping,visualwebarena,25,,easy,"Search for ""raincoat"" and show me the first item that is blue in color",http://localhost:7770/,,,True,False,url_match,http://localhost:7770/wuai-women-oversized-raincoats-rain-jackets-plus-size-lightweight-waterproof-trench-coat-outdoor-packable-windbreaker-s-5xl.html |OR| http://localhost:7770/jspoyou-mens-windproof-rain-jacket-detachable-hooded-lightweight-breathable-trench-coat-winter-warm-packable-raincoat-outwear.html |OR| http://localhost:7770/lightweight-hooded-rain-coat-womens-waterproof-zipper-jacket-windproof-waterproof-raincoat-jacket-light-comfy-outdoor.html,"Confirm the page really contains distracting alternatives, not just a constraint-heavy goal.",TODO,,,,TODO,,,,,,,,,,v1
webpqb_110,high_distraction,shopping,visualwebarena,26,,easy,"Search for ""plush toy"" and show me the first item that is pink in color",http://localhost:7770/,,,True,False,url_match,http://localhost:7770/olpchee-foldable-plush-children-s-sofa-backrest-chair-cute-cartoon-infant-baby-seat-for-living-room-bedroom-corgi.html,"Confirm the page really contains distracting alternatives, not just a constraint-heavy goal.",TODO,,,,TODO,,,,,,,,,,v1
webpqb_111,high_distraction,reddit,visualwebarena,196,,easy,Can you take me to the comments section of the hottest post (of all time) in the art forum where the post is only in black and white?,http://localhost:9999,,,False,False,url_match,http://localhost:9999/f/Art/30842/moods-of-maizie-by-me-pen-2022,"Confirm the page really contains distracting alternatives, not just a constraint-heavy goal.",TODO,,,,TODO,,,,,,,,,,v1
webpqb_112,high_distraction,shopping,visualwebarena,167,,hard,Find me a shoe that is designed for the sport depicted in the first picture and has the same brand as products in the second picture. It needs to have the same color as the third picture.,http://localhost:7770,,,False,False,string_match,,"Confirm the page really contains distracting alternatives, not just a constraint-heavy goal.",TODO,,,,TODO,,,,,,,,,,v1
webpqb_113,high_distraction,classifieds,visualwebarena,178,,hard,"For the cheapest listing in the ""Music instruments"" category with a white guitar from West Virginia or Delaware, tell me the price in dollars.",http://localhost:9980,,,True,False,string_match,,"Confirm the page really contains distracting alternatives, not just a constraint-heavy goal.",TODO,,,,TODO,,,,,,,,,,v1
webpqb_114,high_distraction,shopping,visualwebarena,289,,medium,Add 72 cans of the purple energy drink from this page to my shopping cart.,http://localhost:7770,,,True,True,program_html,,"Confirm the page really contains distracting alternatives, not just a constraint-heavy goal.",TODO,,,,TODO,,,,,,,,,,v1
webpqb_115,high_distraction,shopping,visualwebarena,156,,hard,Find me a printer of the same brand as the product in this picture. It needs to be white and have at least 11 reviews with an average rating greater than 4.,http://localhost:7770,,,False,False,url_match,http://localhost:7770/hp-deskjet-f380-all-in-one-printer-scanner-copier.html,"Confirm the page really contains distracting alternatives, not just a constraint-heavy goal.",TODO,,,,TODO,,,,,,,,,,v1
webpqb_116,high_distraction,shopping,visualwebarena,153,,medium,Find me a game console of the same brand as the product in this picture.,http://localhost:7770,,,False,False,program_html|page_image_query,,"Confirm the page really contains distracting alternatives, not just a constraint-heavy goal.",TODO,,,,TODO,,,,,,,,,,v1
webpqb_117,high_distraction,classifieds,visualwebarena,122,,hard,"Find the oldest listed red book in the ""Books"" category, and tell me how much it costs in dollars.",http://localhost:9980,,,True,False,url_match|string_match,http://localhost:9980/index.php?page=item&id=69456,"Confirm the page really contains distracting alternatives, not just a constraint-heavy goal.",TODO,,,,TODO,,,,,,,,,,v1
webpqb_118,high_distraction,shopping,visualwebarena,272,,hard,"Can you search for ""Cheerios"", and add the family sized blue Cheerios cereal to my cart and order it only if the total comes out to less than $43?",http://localhost:7770,,,True,True,program_html,,"Confirm the page really contains distracting alternatives, not just a constraint-heavy goal.",TODO,,,,TODO,,,,,,,,,,v1
webpqb_119,high_distraction,classifieds,visualwebarena,227,,hard,Show me the cheapest clock from the classifieds site with the green animal at the top of the image on OneStopMarket.,http://localhost:9980 |AND| http://localhost:7770/storage-basket-cube-forest-animal-fox-deer-flower-large-collapsible-toys-storage-box-bin-laundry-organizer-for-closet-shelf-nursery-kids-bedroom-15x11x9-5-in-1-pack.html,,,True,False,url_match,http://localhost:9980/index.php?page=item&id=71222,"Confirm the page really contains distracting alternatives, not just a constraint-heavy goal.",TODO,,,,TODO,,,,,,,,,,v1
webpqb_120,high_distraction,shopping,visualwebarena,327,,medium,"Purchase the cheapest item that has the same functionality as this, in black.",http://localhost:7770,,,False,False,program_html,,"Confirm the page really contains distracting alternatives, not just a constraint-heavy goal.",TODO,,,,TODO,,,,,,,,,,v1
webpqb_121,recovery,classifieds,visualwebarena,,38,hard,"Find the three most recent grey or silver sedans in the ""Cars + trucks"" category, and tell me how much mileage each has.",http://localhost:9980/index.php?page=search&sCategory=18,http://localhost:9980/index.php?page=search&sCategory=18,http://localhost:9980,True,False,string_match,,Confirm wrong_start is wrong-but-recoverable and recovery itself is non-trivial.,TODO,,,,,TODO,TODO,,,,,,,,v1
webpqb_122,recovery,shopping,visualwebarena,,87,hard,Add all the items I need to make this to my shopping cart.,http://localhost:7770/home-kitchen/bedding/blankets-throws.html,http://localhost:7770/home-kitchen/bedding/blankets-throws.html,http://localhost:7770/,True,False,program_html,,Confirm wrong_start is wrong-but-recoverable and recovery itself is non-trivial.,TODO,,,,,TODO,TODO,,,,,,,,v1
webpqb_123,recovery,shopping,visualwebarena,,118,hard,"Add this exact product to my wish list. I think it might be in the ""Men > Clothing"" category but I'm not certain.",http://localhost:7770/home-kitchen/bedding/blankets-throws.html,http://localhost:7770/home-kitchen/bedding/blankets-throws.html,http://localhost:7770/,True,False,program_html,,Confirm wrong_start is wrong-but-recoverable and recovery itself is non-trivial.,TODO,,,,,TODO,TODO,,,,,,,,v1
webpqb_124,recovery,classifieds,visualwebarena,,110,hard,"Search for ""mario kart"" and tell me how many games are in the image of the most recently listed item that costs at least $300.",http://localhost:9980/index.php?page=search&sCategory=10&iPage=8,http://localhost:9980/index.php?page=search&sCategory=10&iPage=8,http://localhost:9980,True,False,string_match,,Confirm wrong_start is wrong-but-recoverable and recovery itself is non-trivial.,TODO,,,,,TODO,TODO,,,,,,,,v1
webpqb_125,recovery,reddit,visualwebarena,,57,hard,"What is the sum of the area, in sq km, of the top two countries that has the most uniformly dense transportation network? Answer using the information from the Wikipedia site in the second tab.",http://localhost:9999/f/headphones,http://localhost:9999/f/headphones,http://localhost:9999/f/dataisbeautiful/124818 |AND| http://localhost:8888/wikipedia_en_all_maxi_2022-05/A/User:The_other_Kiwix_guy/Landing,False,False,string_match,,Confirm wrong_start is wrong-but-recoverable and recovery itself is non-trivial.,TODO,,,,,TODO,TODO,,,,,,,,v1
webpqb_126,recovery,reddit,visualwebarena,,63,hard,What is the highest elevation (in ft) of the home state of the team that surpassed Buffalo Bills in both defensive rating and offensive rating during the 2022 Season? Answer using the information from the Wikipedia site in the second tab.,http://localhost:9999/f/EarthPorn,http://localhost:9999/f/EarthPorn,http://localhost:9999/f/dataisbeautiful/82193 |AND| http://localhost:8888/wikipedia_en_all_maxi_2022-05/A/User:The_other_Kiwix_guy/Landing,False,False,string_match,,Confirm wrong_start is wrong-but-recoverable and recovery itself is non-trivial.,TODO,,,,,TODO,TODO,,,,,,,,v1
webpqb_127,recovery,shopping,visualwebarena,,115,hard,"Add this exact product to my shopping cart. I think it is in the ""Patio Furniture & Accessories"" category.",http://localhost:7770/grocery-gourmet-food/dairy-cheese-eggs/cheese.html,http://localhost:7770/grocery-gourmet-food/dairy-cheese-eggs/cheese.html,http://localhost:7770/,True,False,program_html,,Confirm wrong_start is wrong-but-recoverable and recovery itself is non-trivial.,TODO,,,,,TODO,TODO,,,,,,,,v1
webpqb_128,recovery,reddit,visualwebarena,,24,hard,Find this post and tell me what the top comment says.,http://localhost:9999/f/headphones,http://localhost:9999/f/headphones,http://localhost:9999/forums/all,True,False,string_match,http://localhost:9999/f/pics/45632/-/comment/792645,Confirm wrong_start is wrong-but-recoverable and recovery itself is non-trivial.,TODO,,,,,TODO,TODO,,,,,,,,v1
webpqb_129,recovery,classifieds,visualwebarena,,84,hard,"Find the most expensive ring that has an image taken as a selfie, and tell me how much it costs in dollars.",http://localhost:9980/index.php?page=search&sCategory=18,http://localhost:9980/index.php?page=search&sCategory=18,http://localhost:9980,True,False,url_match|string_match,http://localhost:9980/index.php?page=item&id=43966,Confirm wrong_start is wrong-but-recoverable and recovery itself is non-trivial.,TODO,,,,,TODO,TODO,,,,,,,,v1
webpqb_130,recovery,reddit,visualwebarena,,62,hard,Who potrayed the character in friends that has the most intimate connections? Answer using the information from the Wikipedia site in the second tab.,http://localhost:9999/f/memes,http://localhost:9999/f/memes,http://localhost:9999/f/dataisbeautiful/82234 |AND| http://localhost:8888/wikipedia_en_all_maxi_2022-05/A/User:The_other_Kiwix_guy/Landing,False,False,string_match,,Confirm wrong_start is wrong-but-recoverable and recovery itself is non-trivial.,TODO,,,,,TODO,TODO,,,,,,,,v1
webpqb_131,recovery,classifieds,visualwebarena,,35,hard,"Search for ""loveseat"" in the Furniture category and return the links of the most recent two items that are not black or gray.",http://localhost:9980/index.php?page=item&id=74603,http://localhost:9980/index.php?page=item&id=74603,http://localhost:9980,True,False,string_match,,Confirm wrong_start is wrong-but-recoverable and recovery itself is non-trivial.,TODO,,,,,TODO,TODO,,,,,,,,v1
webpqb_132,recovery,classifieds,visualwebarena,,72,hard,"I like the products in the image. Can you find the cheapest posting from Delaware where I can buy similar items, if there's one?",http://localhost:9980/index.php?page=item&id=48575,http://localhost:9980/index.php?page=item&id=48575,http://localhost:9980,True,False,url_match,http://localhost:9980/index.php?page=item&id=43255,Confirm wrong_start is wrong-but-recoverable and recovery itself is non-trivial.,TODO,,,,,TODO,TODO,,,,,,,,v1
webpqb_133,recovery,classifieds,visualwebarena,,63,hard,Find the most expensive video game item with the character from the image on its display.,http://localhost:9980/index.php?page=item&id=48575,http://localhost:9980/index.php?page=item&id=48575,http://localhost:9980,True,False,url_match,http://localhost:9980/index.php?page=item&id=17379,Confirm wrong_start is wrong-but-recoverable and recovery itself is non-trivial.,TODO,,,,,TODO,TODO,,,,,,,,v1
webpqb_134,recovery,classifieds,visualwebarena,,122,hard,"Find the oldest listed red book in the ""Books"" category, and tell me how much it costs in dollars.",http://localhost:9980/index.php?page=item&id=48575,http://localhost:9980/index.php?page=item&id=48575,http://localhost:9980,True,False,url_match|string_match,http://localhost:9980/index.php?page=item&id=69456,Confirm wrong_start is wrong-but-recoverable and recovery itself is non-trivial.,TODO,,,,,TODO,TODO,,,,,,,,v1
webpqb_135,recovery,reddit,visualwebarena,,32,hard,Find the user who posted this and navigate to the comments section of one of their other posts.,http://localhost:9999/f/movies,http://localhost:9999/f/movies,http://localhost:9999/forums/all,True,False,url_match,http://localhost:9999/f/nyc/44500 |OR| http://localhost:9999/f/nyc/44527 |OR| http://localhost:9999/f/pics/89551 |OR| http://localhost:9999/f/pics/110950 |OR| http://localhost:9999/f/nyc/130377,Confirm wrong_start is wrong-but-recoverable and recovery itself is non-trivial.,TODO,,,,,TODO,TODO,,,,,,,,v1
webpqb_136,recovery,shopping,visualwebarena,,157,hard,Find me protein bars of the same brand as the product in this picture. It needs to have price between $30 and $50.,http://localhost:7770/home-kitchen/wall-art/posters-prints.html,http://localhost:7770/home-kitchen/wall-art/posters-prints.html,http://localhost:7770,False,False,url_match,http://localhost:7770/kellogg-s-special-k-protein-bars-meal-replacement-protein-snacks-value-size-chocolatey-chip-cookie-dough-19oz-box-12-bars.html,Confirm wrong_start is wrong-but-recoverable and recovery itself is non-trivial.,TODO,,,,,TODO,TODO,,,,,,,,v1
webpqb_137,recovery,classifieds,visualwebarena,,28,hard,"Add a comment on the most recently posted painting of a bridge with the title ""Question"" and text ""When did you acquire it?"".",http://localhost:9980/index.php?page=item&id=48575,http://localhost:9980/index.php?page=item&id=48575,http://localhost:9980,True,True,program_html,,Confirm wrong_start is wrong-but-recoverable and recovery itself is non-trivial.,TODO,,,,,TODO,TODO,,,,,,,,v1
webpqb_138,recovery,classifieds,visualwebarena,,85,hard,"Find the most expensive ring that does not show the physical ring in the image, and tell me how much it costs in dollars.",http://localhost:9980/index.php?page=search&sCategory=18,http://localhost:9980/index.php?page=search&sCategory=18,http://localhost:9980,True,False,url_match|string_match,http://localhost:9980/index.php?page=item&id=57020,Confirm wrong_start is wrong-but-recoverable and recovery itself is non-trivial.,TODO,,,,,TODO,TODO,,,,,,,,v1
webpqb_139,recovery,classifieds,visualwebarena,,112,hard,"Search for ""basketball"" and navigate to the cheapest item that has a man in a suit in its image.",http://localhost:9980/index.php?page=search&sCategory=10&iPage=8,http://localhost:9980/index.php?page=search&sCategory=10&iPage=8,http://localhost:9980,True,False,url_match,http://localhost:9980/index.php?page=item&id=68564,Confirm wrong_start is wrong-but-recoverable and recovery itself is non-trivial.,TODO,,,,,TODO,TODO,,,,,,,,v1
webpqb_140,recovery,reddit,visualwebarena,,21,hard,Find and upvote this post. I think it was posted in /f/OldSchoolCool.,http://localhost:9999/f/memes/41674,http://localhost:9999/f/memes/41674,http://localhost:9999/forums/all,True,False,program_html,,Confirm wrong_start is wrong-but-recoverable and recovery itself is non-trivial.,TODO,,,,,TODO,TODO,,,,,,,,v1
webpqb_141,recovery,shopping,visualwebarena,,6,hard,Search for 'Nike slide slippers'. List the full product names of red ones on the first page and tell me the price range of the available products,http://localhost:7770/video-games/nintendo-switch.html,http://localhost:7770/video-games/nintendo-switch.html,http://localhost:7770/,True,False,string_match,,Confirm wrong_start is wrong-but-recoverable and recovery itself is non-trivial.,TODO,,,,,TODO,TODO,,,,,,,,v1
webpqb_142,recovery,classifieds,visualwebarena,,71,hard,Find the most expensive item posted from Delaware which is of the same item as in the image.,http://localhost:9980/index.php?page=item&id=16826,http://localhost:9980/index.php?page=item&id=16826,http://localhost:9980,True,False,url_match,http://localhost:9980/index.php?page=item&id=12399 |OR| http://localhost:9980/index.php?page=item&id=53168,Confirm wrong_start is wrong-but-recoverable and recovery itself is non-trivial.,TODO,,,,,TODO,TODO,,,,,,,,v1
webpqb_143,recovery,reddit,visualwebarena,,49,hard,What is the first year the Summer Olympics include the women's version of the sport that had the largest average male athlete weight in the 2012 Olympics? Answer using the information from the Wikipedia site in the second tab.,http://localhost:9999/f/movies,http://localhost:9999/f/movies,http://localhost:9999/f/dataisbeautiful/82181 |AND| http://localhost:8888/wikipedia_en_all_maxi_2022-05/A/User:The_other_Kiwix_guy/Landing,False,False,string_match,,Confirm wrong_start is wrong-but-recoverable and recovery itself is non-trivial.,TODO,,,,,TODO,TODO,,,,,,,,v1
webpqb_144,recovery,classifieds,visualwebarena,,100,hard,What is the number shown on the image of the most expensive race car in the Arts + crafts section?,http://localhost:9980/index.php?page=search&sCategory=9&iPage=2&sShowAs=gallery,http://localhost:9980/index.php?page=search&sCategory=9&iPage=2&sShowAs=gallery,http://localhost:9980,True,False,string_match,http://localhost:9980/index.php?page=item&id=2354,Confirm wrong_start is wrong-but-recoverable and recovery itself is non-trivial.,TODO,,,,,TODO,TODO,,,,,,,,v1
webpqb_145,recovery,classifieds,visualwebarena,,4,hard,Navigate to my listing of the white car and change the price to $25000. Update the price in the description as well.,http://localhost:9980/index.php?page=item&id=48575,http://localhost:9980/index.php?page=item&id=48575,http://localhost:9980,True,True,program_html,,Confirm wrong_start is wrong-but-recoverable and recovery itself is non-trivial.,TODO,,,,,TODO,TODO,,,,,,,,v1
webpqb_146,recovery,shopping,visualwebarena,,122,hard,Tell me how much this exact item costs on OneStopMarket.,http://localhost:7770/grocery-gourmet-food/dairy-cheese-eggs/cheese.html,http://localhost:7770/grocery-gourmet-food/dairy-cheese-eggs/cheese.html,http://localhost:7770/,True,False,string_match,http://localhost:7770/martha-stewart-herbal-botany-wall-art-living-room-decor-floral-linen-canvas-home-accent-country-lifestyle-bathroom-decoration-ready-to-hang-poster-painting-for-bedroom-17-84-x-21-84-green.html,Confirm wrong_start is wrong-but-recoverable and recovery itself is non-trivial.,TODO,,,,,TODO,TODO,,,,,,,,v1
webpqb_147,recovery,classifieds,visualwebarena,,51,hard,"Find me the most recent painting in the ""Arts + crafts"" category of a town that looks like this.",http://localhost:9980/index.php?page=search&sCategory=9&iPage=2&sShowAs=gallery,http://localhost:9980/index.php?page=search&sCategory=9&iPage=2&sShowAs=gallery,http://localhost:9980,True,False,url_match,http://localhost:9980/index.php?page=item&id=39336,Confirm wrong_start is wrong-but-recoverable and recovery itself is non-trivial.,TODO,,,,,TODO,TODO,,,,,,,,v1
webpqb_148,recovery,classifieds,visualwebarena,,101,hard,"Explore the ""Art + crafts"" category, and find the most expensive painting of the city in this image.",http://localhost:9980/index.php?page=search&sCategory=18,http://localhost:9980/index.php?page=search&sCategory=18,http://localhost:9980,True,False,url_match,http://localhost:9980/index.php?page=item&id=83533,Confirm wrong_start is wrong-but-recoverable and recovery itself is non-trivial.,TODO,,,,,TODO,TODO,,,,,,,,v1
webpqb_149,recovery,shopping,visualwebarena,,137,hard,"Return an image link of the cheapest Canon printer from the ""Printers & Accessories"" category which shows it printing something.",http://localhost:7770/home-kitchen/bedding/blankets-throws.html,http://localhost:7770/home-kitchen/bedding/blankets-throws.html,http://localhost:7770/,True,False,string_match,,Confirm wrong_start is wrong-but-recoverable and recovery itself is non-trivial.,TODO,,,,,TODO,TODO,,,,,,,,v1
webpqb_150,recovery,classifieds,visualwebarena,,47,hard,"I recall seeing this exact item on the site, help me find the most recent post of it. I recall that it was very expensive.",http://localhost:9980/index.php?page=item&id=16826,http://localhost:9980/index.php?page=item&id=16826,http://localhost:9980,True,False,url_match,http://localhost:9980/index.php?page=item&id=7434,Confirm wrong_start is wrong-but-recoverable and recovery itself is non-trivial.,TODO,,,,,TODO,TODO,,,,,,,,v1
webpqb_151,recovery,classifieds,visualwebarena,,39,hard,"Find the three most recent bikes with predominantly red frames in the ""Bikes"" category, and tell me the size of their frames in inches.",http://localhost:9980/index.php?page=search&sCategory=10&iPage=8,http://localhost:9980/index.php?page=search&sCategory=10&iPage=8,http://localhost:9980,True,False,string_match,,Confirm wrong_start is wrong-but-recoverable and recovery itself is non-trivial.,TODO,,,,,TODO,TODO,,,,,,,,v1
webpqb_152,recovery,shopping,visualwebarena,,111,hard,"Add this exact product to my shopping cart. I think it is in the ""Herbs, Spices & Seasonings"" category.",http://localhost:7770/clothing-shoes-jewelry/women/uniforms-work-safety.html,http://localhost:7770/clothing-shoes-jewelry/women/uniforms-work-safety.html,http://localhost:7770/,True,False,program_html,,Confirm wrong_start is wrong-but-recoverable and recovery itself is non-trivial.,TODO,,,,,TODO,TODO,,,,,,,,v1
webpqb_153,recovery,reddit,visualwebarena,,27,hard,"Make a Reddit post with this image (https://images.pexels.com/photos/14267038/pexels-photo-14267038.jpeg?auto=compress&cs=tinysrgb&w=1260&h=750&dpr=2) in the most relevant subreddit, and navigate to its comments section.",http://localhost:9999/f/EarthPorn,http://localhost:9999/f/EarthPorn,http://localhost:9999/forums/all,True,False,url_match|page_image_query,http://localhost:9999/f/MechanicalKeyboards,Confirm wrong_start is wrong-but-recoverable and recovery itself is non-trivial.,TODO,,,,,TODO,TODO,,,,,,,,v1
webpqb_154,recovery,classifieds,visualwebarena,,27,hard,"How many of the listings in ""Rvs + campers"" posted on 16th November 2023 show the interior of the car?",http://localhost:9980/index.php?page=search&sCategory=9&iPage=2&sShowAs=gallery,http://localhost:9980/index.php?page=search&sCategory=9&iPage=2&sShowAs=gallery,http://localhost:9980,True,False,string_match,,Confirm wrong_start is wrong-but-recoverable and recovery itself is non-trivial.,TODO,,,,,TODO,TODO,,,,,,,,v1
webpqb_155,recovery,reddit,visualwebarena,,54,hard,When did programming language that has the largest variance in salary first appear? Answer using the information from the Wikipedia site in the second tab.,http://localhost:9999/f/memes/41674,http://localhost:9999/f/memes/41674,http://localhost:9999/f/dataisbeautiful/18215 |AND| http://localhost:8888/wikipedia_en_all_maxi_2022-05/A/User:The_other_Kiwix_guy/Landing,False,False,string_match,,Confirm wrong_start is wrong-but-recoverable and recovery itself is non-trivial.,TODO,,,,,TODO,TODO,,,,,,,,v1
webpqb_156,recovery,reddit,visualwebarena,,46,hard,What is the 2022 total nominal GDP of the area that produces most sugarcane in the year of 2021? (in billion)? Answer using the information from the Wikipedia site in the second tab.,http://localhost:9999/f/gaming,http://localhost:9999/f/gaming,http://localhost:9999/f/dataisbeautiful/103854 |AND| http://localhost:8888/wikipedia_en_all_maxi_2022-05/A/User:The_other_Kiwix_guy/Landing,False,False,string_match,,Confirm wrong_start is wrong-but-recoverable and recovery itself is non-trivial.,TODO,,,,,TODO,TODO,,,,,,,,v1
webpqb_157,recovery,shopping,visualwebarena,,86,hard,Add all the items I need to make this to my shopping cart.,http://localhost:7770/electronics/video-projectors.html,http://localhost:7770/electronics/video-projectors.html,http://localhost:7770/,True,False,program_html,,Confirm wrong_start is wrong-but-recoverable and recovery itself is non-trivial.,TODO,,,,,TODO,TODO,,,,,,,,v1
webpqb_158,recovery,reddit,visualwebarena,,59,hard,What is the total employees (in 2021) of the accounting firms that provide both tax and legal services? Answer using the information from the Wikipedia site in the second tab.,http://localhost:9999/f/movies,http://localhost:9999/f/movies,http://localhost:9999/f/dataisbeautiful/39014 |AND| http://localhost:8888/wikipedia_en_all_maxi_2022-05/A/User:The_other_Kiwix_guy/Landing,False,False,string_match,,Confirm wrong_start is wrong-but-recoverable and recovery itself is non-trivial.,TODO,,,,,TODO,TODO,,,,,,,,v1
webpqb_159,recovery,shopping,visualwebarena,,126,hard,Tell me how much this exact item costs on OneStopMarket.,http://localhost:7770/home-kitchen/wall-art/posters-prints.html,http://localhost:7770/home-kitchen/wall-art/posters-prints.html,http://localhost:7770/,True,False,string_match,,Confirm wrong_start is wrong-but-recoverable and recovery itself is non-trivial.,TODO,,,,,TODO,TODO,,,,,,,,v1
webpqb_160,recovery,shopping,visualwebarena,,170,hard,Can you find me a product that combines the functions of the items in the following images?,http://localhost:7770/video-games/nintendo-switch.html,http://localhost:7770/video-games/nintendo-switch.html,http://localhost:7770,False,False,program_html,,Confirm wrong_start is wrong-but-recoverable and recovery itself is non-trivial.,TODO,,,,,TODO,TODO,,,,,,,,v1
webpqb_161,recovery,shopping,visualwebarena,,174,hard,Can you find me a product that combines the functions of the items in the following images and buy it for me?,http://localhost:7770/video-games/nintendo-switch.html,http://localhost:7770/video-games/nintendo-switch.html,http://localhost:7770,False,False,program_html,,Confirm wrong_start is wrong-but-recoverable and recovery itself is non-trivial.,TODO,,,,,TODO,TODO,,,,,,,,v1
webpqb_162,recovery,classifieds,visualwebarena,,111,hard,"Search for ""hockey"" and tell me the team name of the jersey on the most recently listed item.",http://localhost:9980/index.php?page=search&sCategory=9&iPage=2&sShowAs=gallery,http://localhost:9980/index.php?page=search&sCategory=9&iPage=2&sShowAs=gallery,http://localhost:9980,True,False,string_match,,Confirm wrong_start is wrong-but-recoverable and recovery itself is non-trivial.,TODO,,,,,TODO,TODO,,,,,,,,v1
webpqb_163,recovery,reddit,visualwebarena,,26,hard,Find this post and tell me what the top comment says.,http://localhost:9999/f/movies,http://localhost:9999/f/movies,http://localhost:9999/forums/all,True,False,string_match,,Confirm wrong_start is wrong-but-recoverable and recovery itself is non-trivial.,TODO,,,,,TODO,TODO,,,,,,,,v1
webpqb_164,recovery,shopping,visualwebarena,,155,hard,Find me a set of headphones of the same brand as the product in this picture. It needs to be silver colored and have at least 10 reviews with an average rating greater than 4.,http://localhost:7770/grocery-gourmet-food/dairy-cheese-eggs/cheese.html,http://localhost:7770/grocery-gourmet-food/dairy-cheese-eggs/cheese.html,http://localhost:7770,False,False,url_match,http://localhost:7770/sony-wh1000xm3-bluetooth-wireless-noise-canceling-headphones-silver-wh-1000xm3-s-renewed.html |OR| http://localhost:7770/sony-h900n-hi-res-noise-cancelling-wireless-headphone-grayish-black-renewed.html |OR| http://localhost:7770/sony-mdrx10-red-simon-cowell-x-headphones-with-50mm-diaphragms.html,Confirm wrong_start is wrong-but-recoverable and recovery itself is non-trivial.,TODO,,,,,TODO,TODO,,,,,,,,v1
webpqb_165,recovery,reddit,visualwebarena,,53,hard,"What was the total asset value (in trillions of USD, to 3 decimal places) of the fifth largest employer in China in 2017? Answer using the information from the Wikipedia site in the second tab.",http://localhost:9999/f/Music,http://localhost:9999/f/Music,http://localhost:9999/f/dataisbeautiful/60171 |AND| http://localhost:8888/wikipedia_en_all_maxi_2022-05/A/User:The_other_Kiwix_guy/Landing,False,False,string_match,,Confirm wrong_start is wrong-but-recoverable and recovery itself is non-trivial.,TODO,,,,,TODO,TODO,,,,,,,,v1
webpqb_166,recovery,shopping,visualwebarena,,152,hard,"I remembered that I ordered something like this, can you show me the corresponding order page?",http://localhost:7770/electronics/video-projectors.html,http://localhost:7770/electronics/video-projectors.html,http://localhost:7770,True,False,url_match,http://localhost:7770/sales/order/view/order_id/165/,Confirm wrong_start is wrong-but-recoverable and recovery itself is non-trivial.,TODO,,,,,TODO,TODO,,,,,,,,v1
webpqb_167,recovery,reddit,visualwebarena,,28,hard,Write a story about this picture and post it in the most relevant subreddit.,http://localhost:9999/f/headphones,http://localhost:9999/f/headphones,http://localhost:9999/forums/all,True,False,program_html|page_image_query,http://localhost:9999/f/pics,Confirm wrong_start is wrong-but-recoverable and recovery itself is non-trivial.,TODO,,,,,TODO,TODO,,,,,,,,v1
webpqb_168,recovery,reddit,visualwebarena,,6,hard,I'm trying to do some research about the post with this image. Tell me how many comments this post has.,http://localhost:9999/f/headphones,http://localhost:9999/f/headphones,http://localhost:9999/forums/all,True,False,string_match,http://localhost:9999/f/food/82940/homemade-sweet-amp-spicy-sticky-chinese-pork-belly,Confirm wrong_start is wrong-but-recoverable and recovery itself is non-trivial.,TODO,,,,,TODO,TODO,,,,,,,,v1
webpqb_169,recovery,reddit,visualwebarena,,61,hard,Who directed the movie that is shown as the background picture of the third highest earning movie production companies? Answer using the information from the Wikipedia site in the second tab.,http://localhost:9999/f/food/18831,http://localhost:9999/f/food/18831,http://localhost:9999/f/dataisbeautiful/103828 |AND| http://localhost:8888/wikipedia_en_all_maxi_2022-05/A/User:The_other_Kiwix_guy/Landing,False,False,string_match,,Confirm wrong_start is wrong-but-recoverable and recovery itself is non-trivial.,TODO,,,,,TODO,TODO,,,,,,,,v1
webpqb_170,recovery,classifieds,visualwebarena,,9,hard,"Help me make a post selling this item and navigate to it. Price it at $10 cheaper than the most similar item on the site between $750-800 (of the same color). If there are multiple similar items, use the most recent posting.",http://localhost:9980/index.php?page=item&id=16826,http://localhost:9980/index.php?page=item&id=16826,http://localhost:9980,True,True,program_html|page_image_query,,Confirm wrong_start is wrong-but-recoverable and recovery itself is non-trivial.,TODO,,,,,TODO,TODO,,,,,,,,v1
webpqb_171,recovery,reddit,visualwebarena,,23,hard,Find this post and tell me what the top comment says.,http://localhost:9999/f/movies,http://localhost:9999/f/movies,http://localhost:9999/forums/all,True,False,string_match,http://localhost:9999/f/photoshopbattles/24816/-/comment/155650,Confirm wrong_start is wrong-but-recoverable and recovery itself is non-trivial.,TODO,,,,,TODO,TODO,,,,,,,,v1
webpqb_172,recovery,shopping,visualwebarena,,175,hard,Find me a wireless white game controller that is of the same brand as the product in this picture and buy it for me. It needs to have at 10 reviews and be priced between $110-$120.,http://localhost:7770/grocery-gourmet-food/breads-bakery/cookies.html,http://localhost:7770/grocery-gourmet-food/breads-bakery/cookies.html,http://localhost:7770,False,False,program_html,,Confirm wrong_start is wrong-but-recoverable and recovery itself is non-trivial.,TODO,,,,,TODO,TODO,,,,,,,,v1
webpqb_173,recovery,reddit,visualwebarena,,38,hard,I'd like to find the subreddit for the city this photo was taken in. Can you navigate to it?,http://localhost:9999/f/movies,http://localhost:9999/f/movies,http://localhost:9999/forums/all,True,False,url_match,http://localhost:9999/f/jerseycity,Confirm wrong_start is wrong-but-recoverable and recovery itself is non-trivial.,TODO,,,,,TODO,TODO,,,,,,,,v1
webpqb_174,recovery,shopping,visualwebarena,,151,hard,"I remembered that I ordered something like this, can you show me the corresponding order page?",http://localhost:7770/office-products/office-electronics/printers-accessories.html?p=3,http://localhost:7770/office-products/office-electronics/printers-accessories.html?p=3,http://localhost:7770,True,False,url_match,http://localhost:7770/sales/order/view/order_id/157/,Confirm wrong_start is wrong-but-recoverable and recovery itself is non-trivial.,TODO,,,,,TODO,TODO,,,,,,,,v1
webpqb_175,recovery,shopping,visualwebarena,,89,hard,Add something like the thing at the top of this image to my shopping cart.,http://localhost:7770/home-kitchen/bedding/blankets-throws.html,http://localhost:7770/home-kitchen/bedding/blankets-throws.html,http://localhost:7770/,True,False,program_html,,Confirm wrong_start is wrong-but-recoverable and recovery itself is non-trivial.,TODO,,,,,TODO,TODO,,,,,,,,v1
webpqb_176,recovery,shopping,visualwebarena,,117,hard,"Add this exact product to my wish list. I think it might be in the ""Office Furniture & Lighting > Chairs & Sofas"" category but I'm not certain.",http://localhost:7770/video-games/nintendo-switch.html,http://localhost:7770/video-games/nintendo-switch.html,http://localhost:7770/,True,False,program_html,,Confirm wrong_start is wrong-but-recoverable and recovery itself is non-trivial.,TODO,,,,,TODO,TODO,,,,,,,,v1
webpqb_177,recovery,classifieds,visualwebarena,,102,hard,Tell me the height in inches of the most recently listed item in Art + crafts section portraying the person in the image.,http://localhost:9980/index.php?page=item&id=48575,http://localhost:9980/index.php?page=item&id=48575,http://localhost:9980,True,False,string_match,,Confirm wrong_start is wrong-but-recoverable and recovery itself is non-trivial.,TODO,,,,,TODO,TODO,,,,,,,,v1
webpqb_178,recovery,shopping,visualwebarena,,125,hard,Tell me how much this exact item costs on OneStopMarket.,http://localhost:7770/clothing-shoes-jewelry/women/uniforms-work-safety.html,http://localhost:7770/clothing-shoes-jewelry/women/uniforms-work-safety.html,http://localhost:7770/,True,False,string_match,,Confirm wrong_start is wrong-but-recoverable and recovery itself is non-trivial.,TODO,,,,,TODO,TODO,,,,,,,,v1
webpqb_179,recovery,reddit,visualwebarena,,13,hard,Can you help me find and navigate to the comments section of the post with this image?,http://localhost:9999/f/gaming,http://localhost:9999/f/gaming,http://localhost:9999/forums/all,True,False,url_match,http://localhost:9999/f/Newark/35719,Confirm wrong_start is wrong-but-recoverable and recovery itself is non-trivial.,TODO,,,,,TODO,TODO,,,,,,,,v1
webpqb_180,recovery,shopping,visualwebarena,,107,hard,I need something to store the item on the right. Add one to my shopping cart.,http://localhost:7770/beauty-personal-care/oral-care/orthodontic-supplies.html,http://localhost:7770/beauty-personal-care/oral-care/orthodontic-supplies.html,http://localhost:7770/,True,False,program_html,,Confirm wrong_start is wrong-but-recoverable and recovery itself is non-trivial.,TODO,,,,,TODO,TODO,,,,,,,,v1
